Rating,Review Count,Product URL
3.8 out of 5 stars,31,https://www.amazon.in//gp/slredirect/picassoRedirect.html/ref=pa_sp_atf_next_aps_sr_pg2_1?ie=UTF8&adId=A09303491CW68WQ5C98V5&url=%2FLenovo-IdeaPad-Keyboard-Warranty-82H8014BIN%2Fdp%2FB096359ZZG%2Fref%3Dsr_1_17_sspa%3Fdchild%3D1%26keywords%3Dlaptops%26qid%3D1628090619%26sr%3D8-17-spons%26psc%3D1&qualifier=1628090619&id=5053463580954865&widgetName=sp_atf_next
3.8 out of 5 stars,5,https://www.amazon.in//gp/slredirect/picassoRedirect.html/ref=pa_sp_atf_next_aps_sr_pg2_1?ie=UTF8&adId=A0770854QYVN9I69N06W&url=%2FFujitsu-33-78cm-Graphics-Fingerprint-4ZR1D67596%2Fdp%2FB098P34QRL%2Fref%3Dsr_1_18_sspa%3Fdchild%3D1%26keywords%3Dlaptops%26qid%3D1628090619%26sr%3D8-18-spons%26psc%3D1&qualifier=1628090619&id=5053463580954865&widgetName=sp_atf_next
3.3 out of 5 stars,399,https://www.amazon.in//HP-db1060au-Laptop-Ryzen3-Microsoft-Natural/dp/B083SNGBLF/ref=sr_1_19?dchild=1&keywords=laptops&qid=1628090619&sr=8-19
3.5 out of 5 stars,108,https://www.amazon.in//HP-Notebook-245-G7-ATHLON-3050U/dp/B08TBVBKN5/ref=sr_1_20?dchild=1&keywords=laptops&qid=1628090619&sr=8-20
4.3 out of 5 stars,687,https://www.amazon.in//HP-Pavilion-Graphics-Keyboard-14-dv0054TU/dp/B08WBB369L/ref=sr_1_21?dchild=1&keywords=laptops&qid=1628090619&sr=8-21
3.8 out of 5 stars,50,https://www.amazon.in//Acer-Extensa-Processor-Integrated-EX215-31/dp/B095BYNN8Z/ref=sr_1_22?dchild=1&keywords=laptops&qid=1628090619&sr=8-22
3.8 out of 5 stars,94,https://www.amazon.in//Acer-A315-23-15-6-inch-dual-core-RadeonTM/dp/B088CF3VX6/ref=sr_1_23?dchild=1&keywords=laptops&qid=1628090619&sr=8-23
3.5 out of 5 stars,19,https://www.amazon.in//Dell-35-56cms-Integrated-Graphics-D552147WIN9BE/dp/B08X4NYNHW/ref=sr_1_24?dchild=1&keywords=laptops&qid=1628090619&sr=8-24
2.9 out of 5 stars,7,https://www.amazon.in//Lenovo-V15-ADA-82C700H4IH-Laptop-Graphics/dp/B092JGK73X/ref=sr_1_25?dchild=1&keywords=laptops&qid=1628090619&sr=8-25
3.7 out of 5 stars,205,https://www.amazon.in//HP-Processor-39-62cms-i3-1115G4-15s-du3038TU/dp/B08S3MGDS3/ref=sr_1_26?dchild=1&keywords=laptops&qid=1628090619&sr=8-26
4.2 out of 5 stars,25,https://www.amazon.in//gp/slredirect/picassoRedirect.html/ref=pa_sp_mtf_aps_sr_pg2_1?ie=UTF8&adId=A09305053JQZEI6HRMLC1&url=%2FLenovo-Keyboard-Fingerprint-Graphite-82FG0125IN%2Fdp%2FB096SLFV5G%2Fref%3Dsr_1_27_sspa%3Fdchild%3D1%26keywords%3Dlaptops%26qid%3D1628090619%26sr%3D8-27-spons%26psc%3D1&qualifier=1628090619&id=5053463580954865&widgetName=sp_mtf
3.9 out of 5 stars,25,https://www.amazon.in//gp/slredirect/picassoRedirect.html/ref=pa_sp_mtf_aps_sr_pg2_1?ie=UTF8&adId=A085906214718G021U3PF&url=%2FDell-Inspiron-R5-3450U-Graphics-D560432WIN9S%2Fdp%2FB0919HGZXG%2Fref%3Dsr_1_28_sspa%3Fdchild%3D1%26keywords%3Dlaptops%26qid%3D1628090619%26sr%3D8-28-spons%26psc%3D1&qualifier=1628090619&id=5053463580954865&widgetName=sp_mtf
4.2 out of 5 stars,125,https://www.amazon.in//Dell-i3-1005G1-Integrated-Graphics-D552151WIN9BE/dp/B08R777GBL/ref=sr_1_29?dchild=1&keywords=laptops&qid=1628090619&sr=8-29
3.8 out of 5 stars,334,https://www.amazon.in//ASUS-VivoBook-i3-1005G1-Integrated-X415JA-EK312TS/dp/B08JMSHVJW/ref=sr_1_30?dchild=1&keywords=laptops&qid=1628090619&sr=8-30
3.1 out of 5 stars,19,https://www.amazon.in//Lenovo-E41-45-82BFS00300-A9-9425-Warranty/dp/B091NX3DRV/ref=sr_1_31?dchild=1&keywords=laptops&qid=1628090619&sr=8-31
5.0 out of 5 stars,1,https://www.amazon.in//Lenovo-15-6-inch-Integrated-Graphics-82C700JCIH/dp/B0972R7ZK2/ref=sr_1_32?dchild=1&keywords=laptops&qid=1628090619&sr=8-32
4.0 out of 5 stars,57,https://www.amazon.in//HP-Laptop-14-inch-Windows-14s-dr2015TU/dp/B093L3TV59/ref=sr_1_33?dchild=1&keywords=laptops&qid=1628090619&sr=8-33
4.2 out of 5 stars,"1,210",https://www.amazon.in//HP-Laptop-15-6-inch-Windows-15s-fq2535TU/dp/B08XNYN5QV/ref=sr_1_34?dchild=1&keywords=laptops&qid=1628090619&sr=8-34
4.5 out of 5 stars,816,https://www.amazon.in//HP-Pavilion-Touchscreen-14-inch-14-dh1502TU/dp/B0928PGBLM/ref=sr_1_35?dchild=1&keywords=laptops&qid=1628090619&sr=8-35
4.6 out of 5 stars,9,https://www.amazon.in//ASUS-VivoBook-i3-1005G1-39-62cms-X515JA-EJ362TS/dp/B0983WGJZP/ref=sr_1_36?dchild=1&keywords=laptops&qid=1628090619&sr=8-36
4.8 out of 5 stars,5,https://www.amazon.in//gp/slredirect/picassoRedirect.html/ref=pa_sp_btf_aps_sr_pg2_1?ie=UTF8&adId=A09316412GRRIJLLU9U06&url=%2FLenovo-IdeaPad-Fingerprint-Warranty-82H700KTIN%2Fdp%2FB096SKD3V7%2Fref%3Dsr_1_37_sspa%3Fdchild%3D1%26keywords%3Dlaptops%26qid%3D1628090619%26sr%3D8-37-spons%26psc%3D1&qualifier=1628090619&id=5053463580954865&widgetName=sp_btf
4.4 out of 5 stars,84,https://www.amazon.in//gp/slredirect/picassoRedirect.html/ref=pa_sp_btf_aps_sr_pg2_1?ie=UTF8&adId=A09211412J8DQBAILJXJW&url=%2FLenovo-Keyboard-Fingerprint-Graphite-82FE00QLIN%2Fdp%2FB095KP1TJM%2Fref%3Dsr_1_38_sspa%3Fdchild%3D1%26keywords%3Dlaptops%26qid%3D1628090619%26sr%3D8-38-spons%26psc%3D1&qualifier=1628090619&id=5053463580954865&widgetName=sp_btf
3.9 out of 5 stars,126,https://www.amazon.in//gp/slredirect/picassoRedirect.html/ref=pa_sp_atf_next_aps_sr_pg3_1?ie=UTF8&adId=A09317971CV7L0AMG0L08&url=%2FLenovo-Keyboard-Fingerprint-Graphite-82FG010BIN%2Fdp%2FB096SHMYJJ%2Fref%3Dsr_1_33_sspa%3Fdchild%3D1%26keywords%3Dlaptops%26qid%3D1628090629%26sr%3D8-33-spons%26psc%3D1&qualifier=1628090629&id=7810985153731365&widgetName=sp_atf_next
5.0 out of 5 stars,1,https://www.amazon.in//gp/slredirect/picassoRedirect.html/ref=pa_sp_atf_next_aps_sr_pg3_1?ie=UTF8&adId=A093016929K6S0VZXTHKS&url=%2FLenovo-IdeaPad-39-62cms-Warranty-82H800RDIN%2Fdp%2FB095KT2457%2Fref%3Dsr_1_34_sspa%3Fdchild%3D1%26keywords%3Dlaptops%26qid%3D1628090629%26sr%3D8-34-spons%26psc%3D1&qualifier=1628090629&id=7810985153731365&widgetName=sp_atf_next
,N/A,https://www.amazon.in//Lenovo-Intel-Laptop-Windows-82C500XWIH/dp/B0979M3Z9W/ref=sr_1_35?dchild=1&keywords=laptops&qid=1628090629&sr=8-35
3.8 out of 5 stars,149,https://www.amazon.in//Dell-i3-1115G4-Integrated-Graphics-D552175WIN9BE/dp/B08X4P6V2M/ref=sr_1_36?dchild=1&keywords=laptops&qid=1628090629&sr=8-36
5.0 out of 5 stars,2,https://www.amazon.in//Lenovo-Ideapad-D330-10IGM-Keyboard-81H3S01W00/dp/B07SVPSDDM/ref=sr_1_37?dchild=1&keywords=laptops&qid=1628090629&sr=8-37
3.6 out of 5 stars,155,https://www.amazon.in//ASUS-VivoBook-i3-1005G1-Integrated-X515JA-EJ301T/dp/B08PQVXSVK/ref=sr_1_38?dchild=1&keywords=laptops&qid=1628090629&sr=8-38
3.7 out of 5 stars,117,https://www.amazon.in//RDP-ThinBook-1010-Celeron-Processor/dp/B0924PSV78/ref=sr_1_39?dchild=1&keywords=laptops&qid=1628090629&sr=8-39
4.3 out of 5 stars,211,https://www.amazon.in//HP-Pavilion-Touchscreen-Convertible-14-dw1036TU/dp/B08SRDW9ZT/ref=sr_1_40?dchild=1&keywords=laptops&qid=1628090629&sr=8-40
4.0 out of 5 stars,74,https://www.amazon.in//Dell-Inspiron-R3-3250U-Integrated-D560428WIN9BE/dp/B08X4Q425M/ref=sr_1_41?dchild=1&keywords=laptops&qid=1628090629&sr=8-41
3.9 out of 5 stars,392,https://www.amazon.in//Lenovo-Graphics-Warranty-Platinum-81WB015JIN/dp/B0999B6MT3/ref=sr_1_42?dchild=1&keywords=laptops&qid=1628090629&sr=8-42
4.3 out of 5 stars,55,https://www.amazon.in//gp/slredirect/picassoRedirect.html/ref=pa_sp_mtf_aps_sr_pg3_1?ie=UTF8&adId=A0577461HQTQ6M58R5VL&url=%2FHP-Pavilion-Processor-15-6-inch-15-dk1508TX%2Fdp%2FB08ZN6KNP1%2Fref%3Dsr_1_43_sspa%3Fdchild%3D1%26keywords%3Dlaptops%26qid%3D1628090629%26sr%3D8-43-spons%26psc%3D1&qualifier=1628090629&id=7810985153731365&widgetName=sp_mtf
4.6 out of 5 stars,19,https://www.amazon.in//gp/slredirect/picassoRedirect.html/ref=pa_sp_mtf_aps_sr_pg3_1?ie=UTF8&adId=A09300131LARNKT8LA9U8&url=%2FLenovo-IdeaPad-Fingerprint-Warranty-82H700KAIN%2Fdp%2FB09634WK1T%2Fref%3Dsr_1_44_sspa%3Fdchild%3D1%26keywords%3Dlaptops%26qid%3D1628090629%26sr%3D8-44-spons%26psc%3D1&qualifier=1628090629&id=7810985153731365&widgetName=sp_mtf
3.5 out of 5 stars,53,https://www.amazon.in//Lenovo-82C700D4IH-Laptop-Integrated-Graphics/dp/B08DHT9JSK/ref=sr_1_45?dchild=1&keywords=laptops&qid=1628090629&sr=8-45
3.9 out of 5 stars,21,https://www.amazon.in//LifeDigital-Laptop-Intel%C2%AE-Storage-Windows/dp/B08HRMHZ8J/ref=sr_1_46?dchild=1&keywords=laptops&qid=1628090629&sr=8-46
4.3 out of 5 stars,312,https://www.amazon.in//HP-Laptop-14-Inch-Windows-dy2501tu/dp/B093VZC5X9/ref=sr_1_47?dchild=1&keywords=laptops&qid=1628090629&sr=8-47
3.9 out of 5 stars,318,https://www.amazon.in//ASUS-VivoBook-i5-1035G1-Integrated-X415JA-EK501T/dp/B08PQW6W1L/ref=sr_1_48?dchild=1&keywords=laptops&qid=1628090629&sr=8-48
4.2 out of 5 stars,330,https://www.amazon.in//HP-15-6-inch-Laptop-i3-10110U-15s-du1064TU/dp/B08HJZLW96/ref=sr_1_49?dchild=1&keywords=laptops&qid=1628090629&sr=8-49
3.8 out of 5 stars,4,https://www.amazon.in//AVITA-Essential-NE14A2INC44A-MW-Celeron-N4020-Integrated/dp/B08YRFDN62/ref=sr_1_50?dchild=1&keywords=laptops&qid=1628090629&sr=8-50
4.4 out of 5 stars,5,https://www.amazon.in//ASUS-VivoBook-i5-1035G1-Integrated-X415JA-EK562TS/dp/B098F95SF8/ref=sr_1_51?dchild=1&keywords=laptops&qid=1628090629&sr=8-51
,N/A,https://www.amazon.in//HP-15-6-inch-Windows-Natural-15s-eq2042AU/dp/B099VZ7493/ref=sr_1_52?dchild=1&keywords=laptops&qid=1628090629&sr=8-52
4.3 out of 5 stars,35,https://www.amazon.in//gp/slredirect/picassoRedirect.html/ref=pa_sp_btf_aps_sr_pg3_1?ie=UTF8&adId=A09322895B9Q57A9JY12&url=%2FLenovo-IdeaPad-Fingerprint-Warranty-82H700J8IN%2Fdp%2FB096SHTH39%2Fref%3Dsr_1_53_sspa%3Fdchild%3D1%26keywords%3Dlaptops%26qid%3D1628090629%26sr%3D8-53-spons%26psc%3D1&qualifier=1628090629&id=7810985153731365&widgetName=sp_btf
4.7 out of 5 stars,14,https://www.amazon.in//gp/slredirect/picassoRedirect.html/ref=pa_sp_btf_aps_sr_pg3_1?ie=UTF8&adId=A0852622HP06NJK6J5ME&url=%2FDell-Vostro-3400-I5-1135G7-D552172WIN9DE%2Fdp%2FB093HC6BXN%2Fref%3Dsr_1_54_sspa%3Fdchild%3D1%26keywords%3Dlaptops%26qid%3D1628090629%26sr%3D8-54-spons%26psc%3D1&qualifier=1628090629&id=7810985153731365&widgetName=sp_btf
4.1 out of 5 stars,35,https://www.amazon.in//gp/slredirect/picassoRedirect.html/ref=pa_sp_atf_next_aps_sr_pg4_1?ie=UTF8&adId=A0870125WC700WBB6DFH&url=%2FLenovo-Touchscreen-Fingerprint-Aluminium-82BH004HIN%2Fdp%2FB08P3M22QQ%2Fref%3Dsr_1_49_sspa%3Fdchild%3D1%26keywords%3Dlaptops%26qid%3D1628090636%26sr%3D8-49-spons%26psc%3D1&qualifier=1628090636&id=2087528504963069&widgetName=sp_atf_next
3.4 out of 5 stars,3,https://www.amazon.in//gp/slredirect/picassoRedirect.html/ref=pa_sp_atf_next_aps_sr_pg4_1?ie=UTF8&adId=A05767257NACMO9V187O&url=%2FLenovo-Ideapad-Windows-Graphics-81Y400E1IN%2Fdp%2FB08BSGG6V9%2Fref%3Dsr_1_50_sspa%3Fdchild%3D1%26keywords%3Dlaptops%26qid%3D1628090636%26sr%3D8-50-spons%26psc%3D1&qualifier=1628090636&id=2087528504963069&widgetName=sp_atf_next
4.0 out of 5 stars,26,https://www.amazon.in//AVITA-Essential-NE14A2INC44A-CR-Celeron-N4020-Integrated/dp/B08YRNVXN1/ref=sr_1_51?dchild=1&keywords=laptops&qid=1628090636&sr=8-51
3.4 out of 5 stars,105,https://www.amazon.in//Lenovo-82C7A006IH-Windows-10-Integrated-Graphics/dp/B08DHZS1XQ/ref=sr_1_52?dchild=1&keywords=laptops&qid=1628090636&sr=8-52
5.0 out of 5 stars,3,https://www.amazon.in//ASUS-VivoBook-i3-1005G1-Integrated-X415JA-EB312TS/dp/B098F4SGHR/ref=sr_1_53?dchild=1&keywords=laptops&qid=1628090636&sr=8-53
3.6 out of 5 stars,85,https://www.amazon.in//ASUS-Celeron-Dual-Core-X515MA-BR004T/dp/B094Y8L2G9/ref=sr_1_54?dchild=1&keywords=laptops&qid=1628090636&sr=8-54
,N/A,https://www.amazon.in//ASUS-VivoBook-Integrated-Graphics-M415DA-EB301T/dp/B097RKZYGS/ref=sr_1_55?dchild=1&keywords=laptops&qid=1628090636&sr=8-55
4.1 out of 5 stars,8,https://www.amazon.in//HP-Laptop-Windows-Natural-15s-gr0500AU/dp/B095YBZWK4/ref=sr_1_56?dchild=1&keywords=laptops&qid=1628090636&sr=8-56
3.9 out of 5 stars,105,https://www.amazon.in//Lenovo-10-1-inch-Touchscreen-Detachable-81H3S01S00/dp/B08P7M9Y59/ref=sr_1_57?dchild=1&keywords=laptops&qid=1628090636&sr=8-57
4.1 out of 5 stars,430,https://www.amazon.in//Lenovo-Graphics-Warranty-Platinum-81WA00K4IN/dp/B0999C3WM9/ref=sr_1_58?dchild=1&keywords=laptops&qid=1628090636&sr=8-58
5.0 out of 5 stars,1,https://www.amazon.in//gp/slredirect/picassoRedirect.html/ref=pa_sp_mtf_aps_sr_pg4_1?ie=UTF8&adId=A09320773W21BFSO5REYS&url=%2FLenovo-IdeaPad-39-62cms-Warranty-82H800RFIN%2Fdp%2FB095KS8QVV%2Fref%3Dsr_1_59_sspa%3Fdchild%3D1%26keywords%3Dlaptops%26qid%3D1628090636%26sr%3D8-59-spons%26psc%3D1&qualifier=1628090636&id=2087528504963069&widgetName=sp_mtf
4.3 out of 5 stars,863,https://www.amazon.in//gp/slredirect/picassoRedirect.html/ref=pa_sp_mtf_aps_sr_pg4_1?ie=UTF8&adId=A05772172OV0RMCMDIN6E&url=%2FHP-Pavilion-Processor-15-6-inch-15-dk1148TX%2Fdp%2FB091FJ5WPQ%2Fref%3Dsr_1_60_sspa%3Fdchild%3D1%26keywords%3Dlaptops%26qid%3D1628090636%26sr%3D8-60-spons%26psc%3D1&qualifier=1628090636&id=2087528504963069&widgetName=sp_mtf
3.2 out of 5 stars,5,https://www.amazon.in//Acer-Aspire-Generation-Processor-15-6-inch/dp/B096SL21J8/ref=sr_1_61?dchild=1&keywords=laptops&qid=1628090636&sr=8-61
4.6 out of 5 stars,3,https://www.amazon.in//Dell-Insprion-3505-R5-3450U-D560485WIN9BE/dp/B097C2NN72/ref=sr_1_62?dchild=1&keywords=laptops&qid=1628090636&sr=8-62
4.1 out of 5 stars,405,https://www.amazon.in//Lenovo-IdeaPad-39-62cms-Platinum-81WQ003LIN/dp/B08TQQ4ZHM/ref=sr_1_63?dchild=1&keywords=laptops&qid=1628090636&sr=8-63
5.0 out of 5 stars,2,https://www.amazon.in//Dell-Inspiron-3501-Integrated-D560492WIN9BE/dp/B097SZMNQH/ref=sr_1_64?dchild=1&keywords=laptops&qid=1628090636&sr=8-64
3.2 out of 5 stars,31,https://www.amazon.in//Lenovo-Ideapad-Laptop-Windows-81W100HHIN/dp/B08G5M5WTG/ref=sr_1_65?dchild=1&keywords=laptops&qid=1628090636&sr=8-65
4.1 out of 5 stars,27,https://www.amazon.in//Dell-Inspiron-3501-Integrated-D560444WIN9S/dp/B093HCS6PR/ref=sr_1_66?dchild=1&keywords=laptops&qid=1628090636&sr=8-66
4.1 out of 5 stars,266,https://www.amazon.in//Lenovo-Touchscreen-Fingerprint-Graphite-82HS008YIN/dp/B08W9WK8Q9/ref=sr_1_67?dchild=1&keywords=laptops&qid=1628090636&sr=8-67
4.3 out of 5 stars,250,https://www.amazon.in//HP-Pavilion-Graphics-35-56cms-14-dv0058TU/dp/B08WB857GB/ref=sr_1_68?dchild=1&keywords=laptops&qid=1628090636&sr=8-68
3.9 out of 5 stars,28,https://www.amazon.in//gp/slredirect/picassoRedirect.html/ref=pa_sp_btf_aps_sr_pg4_1?ie=UTF8&adId=A093247723QA2G2P9L13G&url=%2FLenovo-IdeaPad-Windows10-Platinum-81W30057IN%2Fdp%2FB08GG7VG12%2Fref%3Dsr_1_69_sspa%3Fdchild%3D1%26keywords%3Dlaptops%26qid%3D1628090636%26sr%3D8-69-spons%26psc%3D1&qualifier=1628090636&id=2087528504963069&widgetName=sp_btf
4.2 out of 5 stars,239,https://www.amazon.in//gp/slredirect/picassoRedirect.html/ref=pa_sp_btf_aps_sr_pg4_1?ie=UTF8&adId=A0921297PHSGQS1DOUG5&url=%2FLenovo-Integrated-Graphics-Graphite-81YM002TIN%2Fdp%2FB087D3VVW3%2Fref%3Dsr_1_70_sspa%3Fdchild%3D1%26keywords%3Dlaptops%26qid%3D1628090636%26sr%3D8-70-spons%26psc%3D1&qualifier=1628090636&id=2087528504963069&widgetName=sp_btf
4.2 out of 5 stars,239,https://www.amazon.in//gp/slredirect/picassoRedirect.html/ref=pa_sp_atf_next_aps_sr_pg5_1?ie=UTF8&adId=A09312413K78F2XG0L8FS&url=%2FLenovo-Keyboard-Fingerprint-Graphite-82LM009AIN%2Fdp%2FB096SJSQN7%2Fref%3Dsr_1_65_sspa%3Fdchild%3D1%26keywords%3Dlaptops%26qid%3D1628090645%26sr%3D8-65-spons%26psc%3D1&qualifier=1628090645&id=6285249247755932&widgetName=sp_atf_next
4.1 out of 5 stars,334,https://www.amazon.in//gp/slredirect/picassoRedirect.html/ref=pa_sp_atf_next_aps_sr_pg5_1?ie=UTF8&adId=A05761692SXGOGL8D4BU2&url=%2FDell-i5-10300H-Graphics-D560245HIN9BE-D560317HIN9BE%2Fdp%2FB08GY2DR2Z%2Fref%3Dsr_1_66_sspa%3Fdchild%3D1%26keywords%3Dlaptops%26qid%3D1628090645%26sr%3D8-66-spons%26psc%3D1&qualifier=1628090645&id=6285249247755932&widgetName=sp_atf_next
4.4 out of 5 stars,120,https://www.amazon.in//ASUS-i3-1115G4-15-6-inch-Integrated-X513EA-BQ313TS/dp/B08PQWFT2T/ref=sr_1_67?dchild=1&keywords=laptops&qid=1628090645&sr=8-67
3.2 out of 5 stars,14,https://www.amazon.in//Lenovo-15-6-inch-Integrated-Graphics-82C700HXIH/dp/B095JW3CCX/ref=sr_1_68?dchild=1&keywords=laptops&qid=1628090645&sr=8-68
3.7 out of 5 stars,158,https://www.amazon.in//HP-245-G8-AMD-Ryzen/dp/B092HMYLLN/ref=sr_1_69?dchild=1&keywords=laptops&qid=1628090645&sr=8-69
4.0 out of 5 stars,165,https://www.amazon.in//Lenovo-Graphics-Warranty-Platinum-81WB015GIN/dp/B0999BTTKZ/ref=sr_1_70?dchild=1&keywords=laptops&qid=1628090645&sr=8-70
,N/A,https://www.amazon.in//Renewed-Lenovo-Windows-graphics-ThinkPad/dp/B09B53MLYR/ref=sr_1_71?dchild=1&keywords=laptops&qid=1628090645&sr=8-71
4.1 out of 5 stars,56,https://www.amazon.in//Dell-R5-3500U-Integrated-Graphics-D552166WIN9DE/dp/B08X4P5TVN/ref=sr_1_72?dchild=1&keywords=laptops&qid=1628090645&sr=8-72
3.3 out of 5 stars,80,https://www.amazon.in//Lenovo-15-6-inch-Integrated-Graphics-82C700J0IH/dp/B095JY5B3F/ref=sr_1_73?dchild=1&keywords=laptops&qid=1628090645&sr=8-73
3.4 out of 5 stars,229,https://www.amazon.in//HP-cf3006tu-14-inch-i3-1005G1-Graphics/dp/B08CHWNVNH/ref=sr_1_74?dchild=1&keywords=laptops&qid=1628090645&sr=8-74
3.9 out of 5 stars,26,https://www.amazon.in//gp/slredirect/picassoRedirect.html/ref=pa_sp_mtf_aps_sr_pg5_1?ie=UTF8&adId=A05773053QY81KCS96VFR&url=%2FLenovo-IdeaPad-15-6-inch-Windows-81Y4017TIN%2Fdp%2FB094XK1B8P%2Fref%3Dsr_1_75_sspa%3Fdchild%3D1%26keywords%3Dlaptops%26qid%3D1628090645%26sr%3D8-75-spons%26psc%3D1&qualifier=1628090645&id=6285249247755932&widgetName=sp_mtf
4.2 out of 5 stars,170,https://www.amazon.in//gp/slredirect/picassoRedirect.html/ref=pa_sp_mtf_aps_sr_pg5_1?ie=UTF8&adId=A09309612USUHDKIS9TK6&url=%2FLenovo-ThinkPad-Fingerprint-Aluminium-20TDS0AB00%2Fdp%2FB08Y927FK4%2Fref%3Dsr_1_76_sspa%3Fdchild%3D1%26keywords%3Dlaptops%26qid%3D1628090645%26sr%3D8-76-spons%26psc%3D1&qualifier=1628090645&id=6285249247755932&widgetName=sp_mtf
4.3 out of 5 stars,863,https://www.amazon.in//HP-Pavilion-Processor-15-6-inch-15-dk1148TX/dp/B091FJ5WPQ/ref=sr_1_77?dchild=1&keywords=laptops&qid=1628090645&sr=8-77
3.9 out of 5 stars,72,https://www.amazon.in//ASUS-VivoBook-i5-1035G1-Graphics-X415JF-EK522TS/dp/B08JMMP9XJ/ref=sr_1_78?dchild=1&keywords=laptops&qid=1628090645&sr=8-78
4.0 out of 5 stars,394,https://www.amazon.in//Lenovo-Graphics-Warranty-Platinum-81WB0158IN/dp/B0999C7769/ref=sr_1_79?dchild=1&keywords=laptops&qid=1628090645&sr=8-79
,N/A,https://www.amazon.in//Acer-Travelmate-i3-11th-Graphics-TMP214-53/dp/B096XGHK51/ref=sr_1_80?dchild=1&keywords=laptops&qid=1628090645&sr=8-80
4.0 out of 5 stars,1,https://www.amazon.in//HP-14-inch-Windows-Natural-14s-dk0501AU/dp/B0991MJLN2/ref=sr_1_81?dchild=1&keywords=laptops&qid=1628090645&sr=8-81
4.0 out of 5 stars,1,https://www.amazon.in//Renewed-Digital-Laptop-15-6-inch-Windows/dp/B094DXFSNR/ref=sr_1_82?dchild=1&keywords=laptops&qid=1628090645&sr=8-82
4.3 out of 5 stars,305,https://www.amazon.in//ASUS-VivoBook-i3-1005G1-Integrated-X415JA-EK092TS/dp/B08JMR2GXG/ref=sr_1_83?dchild=1&keywords=laptops&qid=1628090645&sr=8-83
3.5 out of 5 stars,191,https://www.amazon.in//Lenovo-V15-Windows-Graphics-82C7003PIH/dp/B08HJJKDSH/ref=sr_1_84?dchild=1&keywords=laptops&qid=1628090645&sr=8-84
3.8 out of 5 stars,13,https://www.amazon.in//gp/slredirect/picassoRedirect.html/ref=pa_sp_btf_aps_sr_pg5_1?ie=UTF8&adId=A08597421VAGSNRE58DZH&url=%2FDell-Inspiron-Display-Graphics-D560332WIN9S%2Fdp%2FB08X4PJG61%2Fref%3Dsr_1_85_sspa%3Fdchild%3D1%26keywords%3Dlaptops%26qid%3D1628090645%26sr%3D8-85-spons%26psc%3D1&qualifier=1628090645&id=6285249247755932&widgetName=sp_btf
3.1 out of 5 stars,18,https://www.amazon.in//gp/slredirect/picassoRedirect.html/ref=pa_sp_btf_aps_sr_pg5_1?ie=UTF8&adId=A05810051XY0FATC051KI&url=%2FDell-Alienware-m15-R3-15-6-inch%2Fdp%2FB08BZR715W%2Fref%3Dsr_1_86_sspa%3Fdchild%3D1%26keywords%3Dlaptops%26qid%3D1628090645%26sr%3D8-86-spons%26psc%3D1&qualifier=1628090645&id=6285249247755932&widgetName=sp_btf
4.8 out of 5 stars,7,https://www.amazon.in//gp/slredirect/picassoRedirect.html/ref=pa_sp_atf_next_aps_sr_pg6_1?ie=UTF8&adId=A05747532HG6154M5SBEE&url=%2FLenovo-Legion-Office2019-Phantom-82AU004KIN%2Fdp%2FB08GG8VV3W%2Fref%3Dsr_1_81_sspa%3Fdchild%3D1%26keywords%3Dlaptops%26qid%3D1628090660%26sr%3D8-81-spons%26psc%3D1&qualifier=1628090660&id=2066393817046012&widgetName=sp_atf_next
4.2 out of 5 stars,97,https://www.amazon.in//gp/slredirect/picassoRedirect.html/ref=pa_sp_atf_next_aps_sr_pg6_1?ie=UTF8&adId=A08593983P3WGR0KN72O1&url=%2FDell-Inspiron-Integrated-Graphics-D560427WIN9BE%2Fdp%2FB08X4N3DW2%2Fref%3Dsr_1_82_sspa%3Fdchild%3D1%26keywords%3Dlaptops%26qid%3D1628090660%26sr%3D8-82-spons%26psc%3D1&qualifier=1628090660&id=2066393817046012&widgetName=sp_atf_next
4.2 out of 5 stars,21,https://www.amazon.in//Lenovo-IdeaPad-Gaming-15-6-inch-81Y400V9IN/dp/B08QYPQFRD/ref=sr_1_83?dchild=1&keywords=laptops&qid=1628090660&sr=8-83
,N/A,https://www.amazon.in//Lenovo-14-1-inch-Laptop-Windows-Graphics/dp/B09BJYRRZ2/ref=sr_1_84?dchild=1&keywords=laptops&qid=1628090660&sr=8-84
,N/A,https://www.amazon.in//Renewed-Dell-Latitude-Laptop-E3380/dp/B093VVTL5B/ref=sr_1_85?dchild=1&keywords=laptops&qid=1628090660&sr=8-85
4.3 out of 5 stars,9,https://www.amazon.in//Lenovo-IdeaPad-Keyboard-Warranty-82H801CWIN/dp/B09999TTV3/ref=sr_1_86?dchild=1&keywords=laptops&qid=1628090660&sr=8-86
3.9 out of 5 stars,387,https://www.amazon.in//HP-39-62cms-i5-1135G7-Integrated-15s-du3032TU/dp/B08PQPRD69/ref=sr_1_87?dchild=1&keywords=laptops&qid=1628090660&sr=8-87
4.3 out of 5 stars,426,https://www.amazon.in//HP-Pavilion-15-6-inch-5-4600H-15-ec1051AX/dp/B08CYTHY92/ref=sr_1_88?dchild=1&keywords=laptops&qid=1628090660&sr=8-88
3.6 out of 5 stars,"1,480",https://www.amazon.in//HP-Laptop-Celeron-Windows-du1044tu/dp/B08D6M1Y6D/ref=sr_1_89?dchild=1&keywords=laptops&qid=1628090660&sr=8-89
4.1 out of 5 stars,119,https://www.amazon.in//Dell-Inspiron-i3-1005G1-Integrated-D560396WIN9BE/dp/B08X4JQ58G/ref=sr_1_90?dchild=1&keywords=laptops&qid=1628090660&sr=8-90
4.0 out of 5 stars,33,https://www.amazon.in//gp/slredirect/picassoRedirect.html/ref=pa_sp_mtf_aps_sr_pg6_1?ie=UTF8&adId=A08599541PORSMSNM5MTA&url=%2FDell-Inspiron-5406-Geni3-1115G4-D560384WIN9S%2Fdp%2FB091H14P32%2Fref%3Dsr_1_91_sspa%3Fdchild%3D1%26keywords%3Dlaptops%26qid%3D1628090660%26sr%3D8-91-spons%26psc%3D1&qualifier=1628090660&id=2066393817046012&widgetName=sp_mtf
4.0 out of 5 stars,170,https://www.amazon.in//gp/slredirect/picassoRedirect.html/ref=pa_sp_mtf_aps_sr_pg6_1?ie=UTF8&adId=A02714751DQRZS47ODMPD&url=%2FMicrosoft-VDV-00015-Touchscreen-Graphics-Platinum%2Fdp%2FB084HYTLFS%2Fref%3Dsr_1_92_sspa%3Fdchild%3D1%26keywords%3Dlaptops%26qid%3D1628090660%26sr%3D8-92-spons%26psc%3D1&qualifier=1628090660&id=2066393817046012&widgetName=sp_mtf
,More Buying Choices,https://www.amazon.in//NS14A8INF542-CS-35-56cm-i5-10210U-Keyboard-Fingerprint/dp/B099F6BLDC/ref=sr_1_93?dchild=1&keywords=laptops&qid=1628090660&sr=8-93
,N/A,https://www.amazon.in//Dell-1366x768-Integrated-Graphics-Latitude/dp/B099YXC5VG/ref=sr_1_94?dchild=1&keywords=laptops&qid=1628090660&sr=8-94
,N/A,https://www.amazon.in//Lenovo-Touchscreen-Fingerprint-Graphite-82HS008YIN/dp/B09BJP8MVF/ref=sr_1_95?dchild=1&keywords=laptops&qid=1628090660&sr=8-95
5.0 out of 5 stars,1,https://www.amazon.in//ASUS-VivoBook-Integrated-15-6-inch-M509DA-BR301T/dp/B099WQP6ZX/ref=sr_1_96?dchild=1&keywords=laptops&qid=1628090660&sr=8-96
4.1 out of 5 stars,61,https://www.amazon.in//HP-Pavilion-Touchscreen-Convertible-14-dw1040TU/dp/B08R843NHL/ref=sr_1_97?dchild=1&keywords=laptops&qid=1628090660&sr=8-97
,N/A,https://www.amazon.in//Dell-1366x768-Integrated-Graphics-Latitude/dp/B099YH2SZY/ref=sr_1_98?dchild=1&keywords=laptops&qid=1628090660&sr=8-98
4.8 out of 5 stars,5,https://www.amazon.in//Lenovo-IdeaPad-Fingerprint-Warranty-82H700KTIN/dp/B096SKD3V7/ref=sr_1_99?dchild=1&keywords=laptops&qid=1628090660&sr=8-99
,N/A,https://www.amazon.in//Dell-Latitude-Upgradable-Integrated-Graphics/dp/B09414JQ8B/ref=sr_1_100?dchild=1&keywords=laptops&qid=1628090660&sr=8-100
3.7 out of 5 stars,88,https://www.amazon.in//gp/slredirect/picassoRedirect.html/ref=pa_sp_btf_aps_sr_pg6_1?ie=UTF8&adId=A092157730KCCWOA2PGVG&url=%2FLenovo-Laptop-Windows-Graphics-82A1009LIN%2Fdp%2FB087D47QXB%2Fref%3Dsr_1_101_sspa%3Fdchild%3D1%26keywords%3Dlaptops%26qid%3D1628090660%26sr%3D8-101-spons%26psc%3D1&qualifier=1628090660&id=2066393817046012&widgetName=sp_btf
3.9 out of 5 stars,19,https://www.amazon.in//gp/slredirect/picassoRedirect.html/ref=pa_sp_btf_aps_sr_pg6_1?ie=UTF8&adId=A08594982LWDNZBUWP241&url=%2FDell-Inspiron-7415-Integrated-D560470WIN9P%2Fdp%2FB095S8HPMY%2Fref%3Dsr_1_102_sspa%3Fdchild%3D1%26keywords%3Dlaptops%26qid%3D1628090660%26sr%3D8-102-spons%26psc%3D1&qualifier=1628090660&id=2066393817046012&widgetName=sp_btf
4.5 out of 5 stars,12,https://www.amazon.in//gp/slredirect/picassoRedirect.html/ref=pa_sp_atf_next_aps_sr_pg7_1?ie=UTF8&adId=A00791132Y0EAMZHWK7ZE&url=%2FLG-i5-1035G7-15-inch-1920X1080-Windows%2Fdp%2FB08J3QR8Z9%2Fref%3Dsr_1_97_sspa%3Fdchild%3D1%26keywords%3Dlaptops%26qid%3D1628090664%26sr%3D8-97-spons%26psc%3D1&qualifier=1628090664&id=8707893316490357&widgetName=sp_atf_next
4.7 out of 5 stars,3,https://www.amazon.in//gp/slredirect/picassoRedirect.html/ref=pa_sp_atf_next_aps_sr_pg7_1?ie=UTF8&adId=A05737051OF0H1VKX0MNY&url=%2FASUS-TUF-F15-i7-11370H-FX516PE-HN088TS%2Fdp%2FB094RDLV5P%2Fref%3Dsr_1_98_sspa%3Fdchild%3D1%26keywords%3Dlaptops%26qid%3D1628090664%26sr%3D8-98-spons%26psc%3D1&qualifier=1628090664&id=8707893316490357&widgetName=sp_atf_next
4.0 out of 5 stars,35,https://www.amazon.in//Dell-Inspiron-i3-1115G4-Integrated-D560446WIN9S/dp/B08X4NKYH5/ref=sr_1_99?dchild=1&keywords=laptops&qid=1628090664&sr=8-99
4.2 out of 5 stars,364,https://www.amazon.in//HP-Processor-14-inch-Windows-14s-dr2016tu/dp/B092MS22P1/ref=sr_1_100?dchild=1&keywords=laptops&qid=1628090664&sr=8-100
4.4 out of 5 stars,"1,019",https://www.amazon.in//Notebook-Horizon-i7-10510U-Graphics-XMA1904-AF/dp/B089F2W1KW/ref=sr_1_101?dchild=1&keywords=laptops&qid=1628090664&sr=8-101
4.6 out of 5 stars,18,https://www.amazon.in//HP-Laptop-3K9U2PA-Windows-Warranty/dp/B095KJN2TT/ref=sr_1_102?dchild=1&keywords=laptops&qid=1628090664&sr=8-102
3.9 out of 5 stars,16,https://www.amazon.in//HP-Processor-15-6-inch-Laptop-15s-fq2071TU/dp/B08XNZD56X/ref=sr_1_103?dchild=1&keywords=laptops&qid=1628090664&sr=8-103
3.9 out of 5 stars,25,https://www.amazon.in//Dell-Inspiron-R5-3450U-Graphics-D560432WIN9S/dp/B0919HGZXG/ref=sr_1_104?dchild=1&keywords=laptops&qid=1628090664&sr=8-104
3.8 out of 5 stars,649,https://www.amazon.in//HP-15-6-inch-Laptop-Graphics-15s-du3060TX/dp/B08TX5DXQX/ref=sr_1_105?dchild=1&keywords=laptops&qid=1628090664&sr=8-105
3.7 out of 5 stars,77,https://www.amazon.in//LifeDigital-Laptop-Intel%C2%AE-Storage-Windows/dp/B08HRHFV1Q/ref=sr_1_106?dchild=1&keywords=laptops&qid=1628090664&sr=8-106
4.1 out of 5 stars,266,https://www.amazon.in//gp/slredirect/picassoRedirect.html/ref=pa_sp_mtf_aps_sr_pg7_1?ie=UTF8&adId=A0931085217UU5NHPXRBD&url=%2FLenovo-Touchscreen-Fingerprint-Graphite-82HS008YIN%2Fdp%2FB08W9WK8Q9%2Fref%3Dsr_1_107_sspa%3Fdchild%3D1%26keywords%3Dlaptops%26qid%3D1628090664%26sr%3D8-107-spons%26psc%3D1&qualifier=1628090664&id=8707893316490357&widgetName=sp_mtf
4.2 out of 5 stars,364,https://www.amazon.in//gp/slredirect/picassoRedirect.html/ref=pa_sp_mtf_aps_sr_pg7_1?ie=UTF8&adId=A03126492WD7VIC4OPNI2&url=%2FHP-Processor-14-inch-Windows-14s-dr2016tu%2Fdp%2FB092MS22P1%2Fref%3Dsr_1_108_sspa%3Fdchild%3D1%26keywords%3Dlaptops%26qid%3D1628090664%26sr%3D8-108-spons%26psc%3D1&qualifier=1628090664&id=8707893316490357&widgetName=sp_mtf
2.1 out of 5 stars,3,https://www.amazon.in//Lenovo-Laptop-Warranty-1-85Kg-82C6000LIH/dp/B097SVSX1M/ref=sr_1_109?dchild=1&keywords=laptops&qid=1628090664&sr=8-109
5.0 out of 5 stars,1,https://www.amazon.in//ASUS-15-6-inch-i7-10870H-SSDWindows-FX566LH-HN255T/dp/B096VKVFCN/ref=sr_1_110?dchild=1&keywords=laptops&qid=1628090664&sr=8-110
4.3 out of 5 stars,43,https://www.amazon.in//Lenovo-Keyboard-Fingerprint-Warranty-82H700SVIN/dp/B0999BF9ZX/ref=sr_1_111?dchild=1&keywords=laptops&qid=1628090664&sr=8-111
5.0 out of 5 stars,3,https://www.amazon.in//ASUS-VivoBook-i3-1115G4-Integrated-TP470EA-EC301TS/dp/B08CDV49P2/ref=sr_1_112?dchild=1&keywords=laptops&qid=1628090664&sr=8-112
4.1 out of 5 stars,410,https://www.amazon.in//HP-Pavilion-15-6-inch-5-4600H-15-ec1024AX/dp/B08CZ2KNS4/ref=sr_1_113?dchild=1&keywords=laptops&qid=1628090664&sr=8-113
3.5 out of 5 stars,30,https://www.amazon.in//Lenovo-V15-15-6-inch-Graphics-82C70017IH/dp/B08DYB7D8J/ref=sr_1_114?dchild=1&keywords=laptops&qid=1628090664&sr=8-114
3.3 out of 5 stars,154,https://www.amazon.in//Lenovo-V145-AMD-A6-Laptop-Windows-81MTA000IH/dp/B083C9RDCW/ref=sr_1_115?dchild=1&keywords=laptops&qid=1628090664&sr=8-115
4.0 out of 5 stars,83,https://www.amazon.in//Lenovo-IdeaPad-Windows-Warranty-82H801CUIN/dp/B0999CL22H/ref=sr_1_116?dchild=1&keywords=laptops&qid=1628090664&sr=8-116
4.1 out of 5 stars,64,https://www.amazon.in//gp/slredirect/picassoRedirect.html/ref=pa_sp_btf_aps_sr_pg7_1?ie=UTF8&adId=A09319771AIWDO1PKZVCP&url=%2FLenovo-Touchscreen-Windows10-Graphite-81X100NCIN%2Fdp%2FB08JCNW4CP%2Fref%3Dsr_1_117_sspa%3Fdchild%3D1%26keywords%3Dlaptops%26qid%3D1628090664%26sr%3D8-117-spons%26psc%3D1&qualifier=1628090664&id=8707893316490357&widgetName=sp_btf
,N/A,https://www.amazon.in//gp/slredirect/picassoRedirect.html/ref=pa_sp_btf_aps_sr_pg7_1?ie=UTF8&adId=A05738053BFT8RULKAQW9&url=%2FASUS-15-6-inch-i7-11800H-RTX-3050-FX506HC-HN095T%2Fdp%2FB096KX5YXL%2Fref%3Dsr_1_118_sspa%3Fdchild%3D1%26keywords%3Dlaptops%26qid%3D1628090664%26sr%3D8-118-spons%26psc%3D1&qualifier=1628090664&id=8707893316490357&widgetName=sp_btf
3.8 out of 5 stars,28,https://www.amazon.in//gp/slredirect/picassoRedirect.html/ref=pa_sp_atf_next_aps_sr_pg8_1?ie=UTF8&adId=A00766773MSMG2AO2CGIQ&url=%2FAcer-Swift-Display-Touchscreen-Notebook%2Fdp%2FB08M41DHTV%2Fref%3Dsr_1_113_sspa%3Fdchild%3D1%26keywords%3Dlaptops%26qid%3D1628090670%26sr%3D8-113-spons%26psc%3D1&qualifier=1628090670&id=3364492269493382&widgetName=sp_atf_next
4.2 out of 5 stars,104,https://www.amazon.in//gp/slredirect/picassoRedirect.html/ref=pa_sp_atf_next_aps_sr_pg8_1?ie=UTF8&adId=A02715991E2G571MGVCUC&url=%2FMicrosoft-Touchscreen-Integrated-Graphics-VGY-00021%2Fdp%2FB08692DXK2%2Fref%3Dsr_1_114_sspa%3Fdchild%3D1%26keywords%3Dlaptops%26qid%3D1628090670%26sr%3D8-114-spons%26psc%3D1&qualifier=1628090670&id=3364492269493382&widgetName=sp_atf_next
5.0 out of 5 stars,4,https://www.amazon.in//Renewed-Dell-Latitude-Laptop-Intel/dp/B08SMLDWRV/ref=sr_1_115?dchild=1&keywords=laptops&qid=1628090670&sr=8-115
3.5 out of 5 stars,93,https://www.amazon.in//Dell-i5-1135G7-Integrated-Graphics-D552154WIN9BE/dp/B08RXZCXH6/ref=sr_1_116?dchild=1&keywords=laptops&qid=1628090670&sr=8-116
3.8 out of 5 stars,31,https://www.amazon.in//Lenovo-IdeaPad-Keyboard-Warranty-82H8014BIN/dp/B096359ZZG/ref=sr_1_117?dchild=1&keywords=laptops&qid=1628090670&sr=8-117
3.7 out of 5 stars,89,https://www.amazon.in//Dell-Inspiron-15-6-inch-Laptop-Graphics/dp/B08MB4PXCW/ref=sr_1_118?dchild=1&keywords=laptops&qid=1628090670&sr=8-118
2.9 out of 5 stars,12,https://www.amazon.in//Acer-i3-1005G1-Integrated-Graphics-EX215-22/dp/B08T69P9ZF/ref=sr_1_119?dchild=1&keywords=laptops&qid=1628090670&sr=8-119
4.1 out of 5 stars,46,https://www.amazon.in//ASUS-E410MA-EK319T-Pentium-NumberPad-Warranty/dp/B08HZ4BR6F/ref=sr_1_120?dchild=1&keywords=laptops&qid=1628090670&sr=8-120
,N/A,https://www.amazon.in//Dell-1366x768-Integrated-Graphics-Latitude/dp/B09B4Y3C5J/ref=sr_1_121?dchild=1&keywords=laptops&qid=1628090670&sr=8-121
3.5 out of 5 stars,8,https://www.amazon.in//ASUS-VivoBook14-Integrated-14-1-inch-M415DA-EB502TS/dp/B08ZJ2HFQ2/ref=sr_1_122?dchild=1&keywords=laptops&qid=1628090670&sr=8-122
4.0 out of 5 stars,35,https://www.amazon.in//gp/slredirect/picassoRedirect.html/ref=pa_sp_mtf_aps_sr_pg8_1?ie=UTF8&adId=A08520422X30EFIWNOQAT&url=%2FDell-Inspiron-i3-1115G4-Integrated-D560446WIN9S%2Fdp%2FB08X4NKYH5%2Fref%3Dsr_1_123_sspa%3Fdchild%3D1%26keywords%3Dlaptops%26qid%3D1628090670%26sr%3D8-123-spons%26psc%3D1&qualifier=1628090670&id=3364492269493382&widgetName=sp_mtf
3.7 out of 5 stars,41,https://www.amazon.in//gp/slredirect/picassoRedirect.html/ref=pa_sp_mtf_aps_sr_pg8_1?ie=UTF8&adId=A08595543C3GQVDPE0KRU&url=%2FDell-Inspiron-i3-1115G4-Integrated-D560365WIN9S%2Fdp%2FB08MPVWYBQ%2Fref%3Dsr_1_124_sspa%3Fdchild%3D1%26keywords%3Dlaptops%26qid%3D1628090670%26sr%3D8-124-spons%26psc%3D1&qualifier=1628090670&id=3364492269493382&widgetName=sp_mtf
4.1 out of 5 stars,7,https://www.amazon.in//Dell-i5-1135G7-Inspiron-3511-D560505WIN9S/dp/B097SZTNJ3/ref=sr_1_125?dchild=1&keywords=laptops&qid=1628090670&sr=8-125
,More Buying Choices,https://www.amazon.in//Lenovo-Intel-Laptop-Windows-82C500XXIH/dp/B0979M4T4X/ref=sr_1_126?dchild=1&keywords=laptops&qid=1628090670&sr=8-126
3.1 out of 5 stars,60,https://www.amazon.in//LifeDigital-Laptop-Intel%C2%AE-Storage-Windows/dp/B08HRHFV23/ref=sr_1_127?dchild=1&keywords=laptops&qid=1628090670&sr=8-127
3.6 out of 5 stars,35,https://www.amazon.in//Dell-Inspiron-3505-Integrated-D560429WIN9S/dp/B093H9FG45/ref=sr_1_128?dchild=1&keywords=laptops&qid=1628090670&sr=8-128
3.8 out of 5 stars,5,https://www.amazon.in//Lenovo-IdeaPad-15-6-inch-Windows-81Y4017UIN/dp/B094XF92HG/ref=sr_1_129?dchild=1&keywords=laptops&qid=1628090670&sr=8-129
4.4 out of 5 stars,84,https://www.amazon.in//Lenovo-Keyboard-Fingerprint-Graphite-82FE00QLIN/dp/B095KP1TJM/ref=sr_1_130?dchild=1&keywords=laptops&qid=1628090670&sr=8-130
3.6 out of 5 stars,53,https://www.amazon.in//Dell-Inspiron-Integrated-Graphics-D560406WIN9BE/dp/B08MQ718SY/ref=sr_1_131?dchild=1&keywords=laptops&qid=1628090670&sr=8-131
3.6 out of 5 stars,26,https://www.amazon.in//Lenovo-V15-ADA-15-6-inch-Windows-82C700H3IH/dp/B091KJHJT3/ref=sr_1_132?dchild=1&keywords=laptops&qid=1628090670&sr=8-132
4.5 out of 5 stars,3,https://www.amazon.in//gp/slredirect/picassoRedirect.html/ref=pa_sp_btf_aps_sr_pg8_1?ie=UTF8&adId=A0575889N14IR751KBRN&url=%2FASUS-TUF-F15-i5-11300H-FX516PE-HN089TS%2Fdp%2FB094RF779Y%2Fref%3Dsr_1_133_sspa%3Fdchild%3D1%26keywords%3Dlaptops%26qid%3D1628090670%26sr%3D8-133-spons%26psc%3D1&qualifier=1628090670&id=3364492269493382&widgetName=sp_btf
4.2 out of 5 stars,"1,210",https://www.amazon.in//gp/slredirect/picassoRedirect.html/ref=pa_sp_btf_aps_sr_pg8_1?ie=UTF8&adId=A0312705OMZKYRU9U3R0&url=%2FHP-Laptop-15-6-inch-Windows-15s-fq2535TU%2Fdp%2FB08XNYN5QV%2Fref%3Dsr_1_134_sspa%3Fdchild%3D1%26keywords%3Dlaptops%26qid%3D1628090670%26sr%3D8-134-spons%26psc%3D1&qualifier=1628090670&id=3364492269493382&widgetName=sp_btf
3.7 out of 5 stars,205,https://www.amazon.in//gp/slredirect/picassoRedirect.html/ref=pa_sp_atf_next_aps_sr_pg9_1?ie=UTF8&adId=A03144331WA1C21WLPWI5&url=%2FHP-Processor-39-62cms-i3-1115G4-15s-du3038TU%2Fdp%2FB08S3MGDS3%2Fref%3Dsr_1_129_sspa%3Fdchild%3D1%26keywords%3Dlaptops%26qid%3D1628090675%26sr%3D8-129-spons%26psc%3D1&qualifier=1628090675&id=350188370063271&widgetName=sp_atf_next
4.3 out of 5 stars,"1,730",https://www.amazon.in//gp/slredirect/picassoRedirect.html/ref=pa_sp_atf_next_aps_sr_pg9_1?ie=UTF8&adId=A0314097308D73QG7S9GQ&url=%2FHP-Laptop-14-inch-Windows-14s-dy2500TU%2Fdp%2FB08XY3QXY5%2Fref%3Dsr_1_130_sspa%3Fdchild%3D1%26keywords%3Dlaptops%26qid%3D1628090675%26sr%3D8-130-spons%26psc%3D1&qualifier=1628090675&id=350188370063271&widgetName=sp_atf_next
3.6 out of 5 stars,53,https://www.amazon.in//Dell-Inspiron-Integrated-Graphics-D560406WIN9BE/dp/B08MQ718SY/ref=sr_1_131?dchild=1&keywords=laptops&qid=1628090675&sr=8-131
3.6 out of 5 stars,26,https://www.amazon.in//Lenovo-V15-ADA-15-6-inch-Windows-82C700H3IH/dp/B091KJHJT3/ref=sr_1_132?dchild=1&keywords=laptops&qid=1628090675&sr=8-132
4.1 out of 5 stars,84,https://www.amazon.in//HP-Processor-15-6-inch-Graphics-15s-dr3500TX/dp/B0928T6QM3/ref=sr_1_133?dchild=1&keywords=laptops&qid=1628090675&sr=8-133
2.9 out of 5 stars,26,https://www.amazon.in//Lenovo-V15-15-6-inch-Windows-82C7001YIH/dp/B0897MV47X/ref=sr_1_134?dchild=1&keywords=laptops&qid=1628090675&sr=8-134
4.1 out of 5 stars,5,https://www.amazon.in//Dell-Inspiron-3501-Integrated-D560559WIN9S/dp/B097C2JJ1R/ref=sr_1_135?dchild=1&keywords=laptops&qid=1628090675&sr=8-135
4.5 out of 5 stars,2,https://www.amazon.in//Acer-Aspire-Windows-A515-56-Display/dp/B0927QGS99/ref=sr_1_136?dchild=1&keywords=laptops&qid=1628090675&sr=8-136
4.0 out of 5 stars,90,https://www.amazon.in//Lenovo-14-inch-Windows-Professional-82C4016TIH/dp/B08BXZF8PS/ref=sr_1_137?dchild=1&keywords=laptops&qid=1628090675&sr=8-137
3.9 out of 5 stars,19,https://www.amazon.in//Dell-Inspiron-7415-Integrated-D560470WIN9P/dp/B095S8HPMY/ref=sr_1_138?dchild=1&keywords=laptops&qid=1628090675&sr=8-138
4.3 out of 5 stars,130,https://www.amazon.in//gp/slredirect/picassoRedirect.html/ref=pa_sp_mtf_aps_sr_pg9_1?ie=UTF8&adId=A085302216D0XNO63MUDW&url=%2FDell-Inspiron-Display-Graphics-D560338WIN9S%2Fdp%2FB08HPY2N4W%2Fref%3Dsr_1_139_sspa%3Fdchild%3D1%26keywords%3Dlaptops%26qid%3D1628090675%26sr%3D8-139-spons%26psc%3D1&qualifier=1628090675&id=350188370063271&widgetName=sp_mtf
4.0 out of 5 stars,216,https://www.amazon.in//gp/slredirect/picassoRedirect.html/ref=pa_sp_mtf_aps_sr_pg9_1?ie=UTF8&adId=A10081262K6KZOZ37JXYV&url=%2FHP-Processor-13-3-inch-Touchscreen-13-ba1018TX%2Fdp%2FB091FJ13Q5%2Fref%3Dsr_1_140_sspa%3Fdchild%3D1%26keywords%3Dlaptops%26qid%3D1628090675%26sr%3D8-140-spons%26psc%3D1&qualifier=1628090675&id=350188370063271&widgetName=sp_mtf
3.9 out of 5 stars,28,https://www.amazon.in//Lenovo-IdeaPad-Windows10-Platinum-81W30057IN/dp/B08GG7VG12/ref=sr_1_141?dchild=1&keywords=laptops&qid=1628090675&sr=8-141
4.7 out of 5 stars,14,https://www.amazon.in//Dell-Vostro-3400-I5-1135G7-D552172WIN9DE/dp/B093HC6BXN/ref=sr_1_142?dchild=1&keywords=laptops&qid=1628090675&sr=8-142
4.4 out of 5 stars,338,https://www.amazon.in//ASUS-i5-10300H-Graphics-Fortress-FX566LH-HN257T/dp/B08CRMTKMK/ref=sr_1_143?dchild=1&keywords=laptops&qid=1628090675&sr=8-143
3.1 out of 5 stars,60,https://www.amazon.in//LifeDigital-Laptop-Intel%C2%AE-Storage-Windows/dp/B08HRHFV23/ref=sr_1_144?dchild=1&keywords=laptops&qid=1628090675&sr=8-144
4.4 out of 5 stars,169,https://www.amazon.in//HP-Pavilion-Graphics-39-62cms-15-eg0103TX/dp/B08XBZBFCQ/ref=sr_1_145?dchild=1&keywords=laptops&qid=1628090675&sr=8-145
4.2 out of 5 stars,32,https://www.amazon.in//Dell-Inspiron-i3-1005G1-Integrated-D560397WIN9BE/dp/B08MQ67ZX3/ref=sr_1_146?dchild=1&keywords=laptops&qid=1628090675&sr=8-146
4.4 out of 5 stars,182,https://www.amazon.in//Lenovo-IdeaPad-39-62cms-Graphics-82EY00L9IN/dp/B08SK27PKH/ref=sr_1_147?dchild=1&keywords=laptops&qid=1628090675&sr=8-147
,N/A,https://www.amazon.in//Renewed-HP-Laptop-14-inch-Windows/dp/B094YCYXPZ/ref=sr_1_148?dchild=1&keywords=laptops&qid=1628090675&sr=8-148
4.3 out of 5 stars,687,https://www.amazon.in//gp/slredirect/picassoRedirect.html/ref=pa_sp_btf_aps_sr_pg9_1?ie=UTF8&adId=A031289316UGOI50JM5UU&url=%2FHP-Pavilion-Graphics-Keyboard-14-dv0054TU%2Fdp%2FB08WBB369L%2Fref%3Dsr_1_149_sspa%3Fdchild%3D1%26keywords%3Dlaptops%26qid%3D1628090675%26sr%3D8-149-spons%26psc%3D1&qualifier=1628090675&id=350188370063271&widgetName=sp_btf
4.1 out of 5 stars,84,https://www.amazon.in//gp/slredirect/picassoRedirect.html/ref=pa_sp_btf_aps_sr_pg9_1?ie=UTF8&adId=A03119691VWTICP6EEW4M&url=%2FHP-Processor-15-6-inch-Graphics-15s-dr3500TX%2Fdp%2FB0928T6QM3%2Fref%3Dsr_1_150_sspa%3Fdchild%3D1%26keywords%3Dlaptops%26qid%3D1628090675%26sr%3D8-150-spons%26psc%3D1&qualifier=1628090675&id=350188370063271&widgetName=sp_btf
4.1 out of 5 stars,7,https://www.amazon.in//gp/slredirect/picassoRedirect.html/ref=pa_sp_atf_next_aps_sr_pg10_1?ie=UTF8&adId=A1008182B8NROU5LUP77&url=%2FHP-Convertible-Touchscreen-i5-1135G7-13-bd0004TU%2Fdp%2FB08QSPS774%2Fref%3Dsr_1_145_sspa%3Fdchild%3D1%26keywords%3Dlaptops%26qid%3D1628090682%26sr%3D8-145-spons%26psc%3D1&qualifier=1628090682&id=6935821440899443&widgetName=sp_atf_next
4.3 out of 5 stars,211,https://www.amazon.in//gp/slredirect/picassoRedirect.html/ref=pa_sp_atf_next_aps_sr_pg10_1?ie=UTF8&adId=A03139416O9S66JMQV9T&url=%2FHP-Pavilion-Touchscreen-Convertible-14-dw1036TU%2Fdp%2FB08SRDW9ZT%2Fref%3Dsr_1_146_sspa%3Fdchild%3D1%26keywords%3Dlaptops%26qid%3D1628090682%26sr%3D8-146-spons%26psc%3D1&qualifier=1628090682&id=6935821440899443&widgetName=sp_atf_next
4.3 out of 5 stars,24,https://www.amazon.in//Dell-i7-1165G7-Inspiron-5410-D560469WIN9S/dp/B095S9NJ4S/ref=sr_1_147?dchild=1&keywords=laptops&qid=1628090682&sr=8-147
,N/A,https://www.amazon.in//Dell-Inspiron-Display-i7-1165G7-D560377WIN9S/dp/B08QN2PYWF/ref=sr_1_148?dchild=1&keywords=laptops&qid=1628090682&sr=8-148
3.9 out of 5 stars,185,https://www.amazon.in//Lenovo-IdeaPad-i5-9300HF-39-63cm-81LK01QTIN/dp/B092MTLNBB/ref=sr_1_149?dchild=1&keywords=laptops&qid=1628090682&sr=8-149
,N/A,https://www.amazon.in//Dell-1366x768-Integrated-Graphics-Latitude/dp/B097PKN7NH/ref=sr_1_150?dchild=1&keywords=laptops&qid=1628090682&sr=8-150
4.2 out of 5 stars,120,https://www.amazon.in//Acer-15-6-inch-Graphics-Obsidian-AN515-44/dp/B092VM8GGF/ref=sr_1_151?dchild=1&keywords=laptops&qid=1628090682&sr=8-151
4.2 out of 5 stars,60,https://www.amazon.in//MSI-Gaming-Windows-RX5500M-A4DDR-212IN/dp/B08GYH6HKN/ref=sr_1_152?dchild=1&keywords=laptops&qid=1628090682&sr=8-152
,N/A,https://www.amazon.in//Dell-Gaming15-6-i7-10750H-NVIDIA1650-D560123WIN9BE/dp/B09BBF689M/ref=sr_1_153?dchild=1&keywords=laptops&qid=1628090682&sr=8-153
3.3 out of 5 stars,3,https://www.amazon.in//HP-Laptop-Screen-Windows-15s-du1516TU/dp/B095YC5VH4/ref=sr_1_154?dchild=1&keywords=laptops&qid=1628090682&sr=8-154
4.3 out of 5 stars,687,https://www.amazon.in//gp/slredirect/picassoRedirect.html/ref=pa_sp_mtf_aps_sr_pg10_1?ie=UTF8&adId=A03122132M6BV39E18XO1&url=%2FHP-Pavilion-Graphics-Keyboard-14-dv0053TU%2Fdp%2FB08WB8686H%2Fref%3Dsr_1_155_sspa%3Fdchild%3D1%26keywords%3Dlaptops%26qid%3D1628090682%26sr%3D8-155-spons%26psc%3D1&qualifier=1628090682&id=6935821440899443&widgetName=sp_mtf
4.8 out of 5 stars,9,https://www.amazon.in//gp/slredirect/picassoRedirect.html/ref=pa_sp_mtf_aps_sr_pg10_1?ie=UTF8&adId=A08698453270J5BF8YQDN&url=%2FASUS-ZenBook-i5-1135G7-Graphics-UX363EA-HP501TS%2Fdp%2FB08SY2FZKY%2Fref%3Dsr_1_156_sspa%3Fdchild%3D1%26keywords%3Dlaptops%26qid%3D1628090682%26sr%3D8-156-spons%26psc%3D1&qualifier=1628090682&id=6935821440899443&widgetName=sp_mtf
1.0 out of 5 stars,1,https://www.amazon.in//Renewed-Digital-Laptop-15-6-inch-Windows/dp/B095224LRK/ref=sr_1_157?dchild=1&keywords=laptops&qid=1628090682&sr=8-157
4.2 out of 5 stars,53,https://www.amazon.in//HP-35-56cms-Windows-Natural-14s-cf3028TU/dp/B08QSVVC7W/ref=sr_1_158?dchild=1&keywords=laptops&qid=1628090682&sr=8-158
3.9 out of 5 stars,26,https://www.amazon.in//Lenovo-IdeaPad-15-6-inch-Windows-81Y4017TIN/dp/B094XK1B8P/ref=sr_1_159?dchild=1&keywords=laptops&qid=1628090682&sr=8-159
3.1 out of 5 stars,51,https://www.amazon.in//LifeDigital-Laptop-Intel%C2%AE-Storage-Windows/dp/B08HRHH2NH/ref=sr_1_160?dchild=1&keywords=laptops&qid=1628090682&sr=8-160
4.5 out of 5 stars,15,https://www.amazon.in//HP-i3-1115G4-Windows-Graphics-42V68PA/dp/B096G1V3RC/ref=sr_1_161?dchild=1&keywords=laptops&qid=1628090682&sr=8-161
,N/A,https://www.amazon.in//Dell-Inspiron-i3-1115G4-Integrated-D560444WIN9S/dp/B09BBJZ3S8/ref=sr_1_162?dchild=1&keywords=laptops&qid=1628090682&sr=8-162
,N/A,https://www.amazon.in//Dell-1366x768-Integrated-Graphics-Latitude/dp/B09B51JVQ3/ref=sr_1_163?dchild=1&keywords=laptops&qid=1628090682&sr=8-163
3.7 out of 5 stars,22,https://www.amazon.in//MSI-i7-10750H-IPS-Level-Windows-10SDR-1280IN/dp/B093L8JCZV/ref=sr_1_164?dchild=1&keywords=laptops&qid=1628090682&sr=8-164
3.2 out of 5 stars,5,https://www.amazon.in//gp/slredirect/picassoRedirect.html/ref=pa_sp_btf_aps_sr_pg10_1?ie=UTF8&adId=A03183772269MLKKSS6ZF&url=%2FAcer-Aspire-Generation-Processor-15-6-inch%2Fdp%2FB096SL21J8%2Fref%3Dsr_1_165_sspa%3Fdchild%3D1%26keywords%3Dlaptops%26qid%3D1628090682%26sr%3D8-165-spons%26psc%3D1&qualifier=1628090682&id=6935821440899443&widgetName=sp_btf
3.5 out of 5 stars,93,https://www.amazon.in//gp/slredirect/picassoRedirect.html/ref=pa_sp_btf_aps_sr_pg10_1?ie=UTF8&adId=A03128052M28BNVDZI78U&url=%2FDell-i5-1135G7-Integrated-Graphics-D552154WIN9BE%2Fdp%2FB08RXZCXH6%2Fref%3Dsr_1_166_sspa%3Fdchild%3D1%26keywords%3Dlaptops%26qid%3D1628090682%26sr%3D8-166-spons%26psc%3D1&qualifier=1628090682&id=6935821440899443&widgetName=sp_btf
4.3 out of 5 stars,759,https://www.amazon.in//gp/slredirect/picassoRedirect.html/ref=pa_sp_atf_next_aps_sr_pg11_1?ie=UTF8&adId=A05805811N526MBI6ZIQV&url=%2FAcer-Generation-15-6-inch-Graphics-AN515-56%2Fdp%2FB091GPC1VD%2Fref%3Dsr_1_161_sspa%3Fdchild%3D1%26keywords%3Dlaptops%26qid%3D1628090689%26sr%3D8-161-spons%26psc%3D1&qualifier=1628090689&id=4639501338032721&widgetName=sp_atf_next
3.9 out of 5 stars,126,https://www.amazon.in//gp/slredirect/picassoRedirect.html/ref=pa_sp_atf_next_aps_sr_pg11_1?ie=UTF8&adId=A03113211Y7SCZFGO65X7&url=%2FLenovo-Windows10-Fingerprint-Aluminium-82FG00BPIN%2Fdp%2FB08P3LVRL8%2Fref%3Dsr_1_162_sspa%3Fdchild%3D1%26keywords%3Dlaptops%26qid%3D1628090689%26sr%3D8-162-spons%26psc%3D1&qualifier=1628090689&id=4639501338032721&widgetName=sp_atf_next
4.0 out of 5 stars,11,https://www.amazon.in//Lenovo-82C5A009IH-i3-1005G1-Integrated-Graphics/dp/B08DHS5SKR/ref=sr_1_163?dchild=1&keywords=laptops&qid=1628090689&sr=8-163
3.4 out of 5 stars,75,https://www.amazon.in//Lenovo-V145-AMD-A4-Laptop-Writer-81MT001BIH/dp/B07SY8TJWM/ref=sr_1_164?dchild=1&keywords=laptops&qid=1628090689&sr=8-164
4.1 out of 5 stars,28,https://www.amazon.in//HP-Pavilion-Laptop-Natural-13-bb0075TU/dp/B08V5WLM62/ref=sr_1_165?dchild=1&keywords=laptops&qid=1628090689&sr=8-165
3.7 out of 5 stars,51,https://www.amazon.in//Inspiron-Display-Laptop-i5-1135G7-D560438WIN9SE/dp/B08X4NT9SD/ref=sr_1_166?dchild=1&keywords=laptops&qid=1628090689&sr=8-166
3.6 out of 5 stars,232,https://www.amazon.in//Acer-Processor-Integrated-Graphics-Z2-485/dp/B08CY9SL14/ref=sr_1_167?dchild=1&keywords=laptops&qid=1628090689&sr=8-167
3.7 out of 5 stars,41,https://www.amazon.in//Dell-i3-1125G4-Inspiron-5410-D560563WIN9S/dp/B097SYQL3M/ref=sr_1_168?dchild=1&keywords=laptops&qid=1628090689&sr=8-168
4.3 out of 5 stars,122,https://www.amazon.in//Lenovo-i5-9300HF-39-63cm-Windows-81SY00UCIN/dp/B094X6LM8D/ref=sr_1_169?dchild=1&keywords=laptops&qid=1628090689&sr=8-169
3.4 out of 5 stars,99,https://www.amazon.in//Lenovo-IdeaPad-15-6-inch-Platinum-81W800TEIN/dp/B08W8J4TQB/ref=sr_1_170?dchild=1&keywords=laptops&qid=1628090689&sr=8-170
4.3 out of 5 stars,687,https://www.amazon.in//gp/slredirect/picassoRedirect.html/ref=pa_sp_mtf_aps_sr_pg11_1?ie=UTF8&adId=A03118131UB58SWG78IUL&url=%2FHP-Pavilion-Laptop-Graphics-14-dv0055TU%2Fdp%2FB0953DD9FC%2Fref%3Dsr_1_171_sspa%3Fdchild%3D1%26keywords%3Dlaptops%26qid%3D1628090689%26sr%3D8-171-spons%26psc%3D1&qualifier=1628090689&id=4639501338032721&widgetName=sp_mtf
4.3 out of 5 stars,250,https://www.amazon.in//gp/slredirect/picassoRedirect.html/ref=pa_sp_mtf_aps_sr_pg11_1?ie=UTF8&adId=A031236928QWUQ197ZZJW&url=%2FHP-Pavilion-Processor-35-56cms-14-dv0084TX%2Fdp%2FB08XMLV2HK%2Fref%3Dsr_1_172_sspa%3Fdchild%3D1%26keywords%3Dlaptops%26qid%3D1628090689%26sr%3D8-172-spons%26psc%3D1&qualifier=1628090689&id=4639501338032721&widgetName=sp_mtf
3.4 out of 5 stars,10,https://www.amazon.in//MSI-i5-10210U-39-62cms-Windows-A10M-482IN/dp/B08NTVZMWD/ref=sr_1_173?dchild=1&keywords=laptops&qid=1628090689&sr=8-173
4.6 out of 5 stars,19,https://www.amazon.in//Lenovo-IdeaPad-Fingerprint-Warranty-82H700KAIN/dp/B09634WK1T/ref=sr_1_174?dchild=1&keywords=laptops&qid=1628090689&sr=8-174
3.5 out of 5 stars,29,https://www.amazon.in//Dell-Inspiron-3501-15-6-inch-Graphics/dp/B08R3Y9WP3/ref=sr_1_175?dchild=1&keywords=laptops&qid=1628090689&sr=8-175
3.6 out of 5 stars,4,https://www.amazon.in//Vivobook-M515DA-BQ522TS-Laptop-Graphics-Windows/dp/B08CKSJ8PT/ref=sr_1_176?dchild=1&keywords=laptops&qid=1628090689&sr=8-176
1.7 out of 5 stars,3,https://www.amazon.in//Acer-Graphics-Keyboard-15-6-inch-A515-56/dp/B098DSF15C/ref=sr_1_177?dchild=1&keywords=laptops&qid=1628090689&sr=8-177
,N/A,https://www.amazon.in//HP-16-1-inch-Graphics-Flicker-16-e0076AX/dp/B098QBZF1N/ref=sr_1_178?dchild=1&keywords=laptops&qid=1628090689&sr=8-178
4.3 out of 5 stars,55,https://www.amazon.in//HP-Pavilion-Processor-15-6-inch-15-dk1508TX/dp/B08ZN6KNP1/ref=sr_1_179?dchild=1&keywords=laptops&qid=1628090689&sr=8-179
,N/A,https://www.amazon.in//Dell-Inspiron-Display-i7-1165G7-D560377WIN9S/dp/B08QN2PYWF/ref=sr_1_180?dchild=1&keywords=laptops&qid=1628090689&sr=8-180
3.9 out of 5 stars,72,https://www.amazon.in//gp/slredirect/picassoRedirect.html/ref=pa_sp_btf_aps_sr_pg11_1?ie=UTF8&adId=A026505419CIE5P77UBTQ&url=%2FASUS-VivoBook-i5-1035G1-Graphics-X415JF-EK522TS%2Fdp%2FB08JMMP9XJ%2Fref%3Dsr_1_181_sspa%3Fdchild%3D1%26keywords%3Dlaptops%26qid%3D1628090689%26sr%3D8-181-spons%26psc%3D1&qualifier=1628090689&id=4639501338032721&widgetName=sp_btf
3.9 out of 5 stars,51,https://www.amazon.in//gp/slredirect/picassoRedirect.html/ref=pa_sp_btf_aps_sr_pg11_1?ie=UTF8&adId=A03119133MO6WHVA2XKV4&url=%2FDell-Inspiron-i5-1135G7-Graphics-D560364WIN9S%2Fdp%2FB08M5PFY5F%2Fref%3Dsr_1_182_sspa%3Fdchild%3D1%26keywords%3Dlaptops%26qid%3D1628090689%26sr%3D8-182-spons%26psc%3D1&qualifier=1628090689&id=4639501338032721&widgetName=sp_btf
3.2 out of 5 stars,10,https://www.amazon.in//gp/slredirect/picassoRedirect.html/ref=pa_sp_atf_next_aps_sr_pg12_1?ie=UTF8&adId=A02657022DTCOT6CSF2VD&url=%2FAcer-i5-1035G1-Graphics-Charcoal-A315-57G%2Fdp%2FB08HR3CYGQ%2Fref%3Dsr_1_177_sspa%3Fdchild%3D1%26keywords%3Dlaptops%26qid%3D1628090695%26sr%3D8-177-spons%26psc%3D1&qualifier=1628090695&id=1414327374291897&widgetName=sp_atf_next
3.9 out of 5 stars,127,https://www.amazon.in//gp/slredirect/picassoRedirect.html/ref=pa_sp_atf_next_aps_sr_pg12_1?ie=UTF8&adId=A02652668HFW96YTVYC6&url=%2FLenovo-Laptop-Windows-Office-81UE0085IN%2Fdp%2FB08JCL6R75%2Fref%3Dsr_1_178_sspa%3Fdchild%3D1%26keywords%3Dlaptops%26qid%3D1628090695%26sr%3D8-178-spons%26psc%3D1&qualifier=1628090695&id=1414327374291897&widgetName=sp_atf_next
3.1 out of 5 stars,51,https://www.amazon.in//LifeDigital-Laptop-Intel%C2%AE-Storage-Windows/dp/B08HRHH2NH/ref=sr_1_179?dchild=1&keywords=laptops&qid=1628090695&sr=8-179
4.3 out of 5 stars,16,https://www.amazon.in//Dell-Inspiron-R5-3450U-Graphics-D560431WIN9B/dp/B0919M8GTN/ref=sr_1_180?dchild=1&keywords=laptops&qid=1628090695&sr=8-180
3.6 out of 5 stars,7,https://www.amazon.in//Dell-i5-1135G7-Inspiron-5410-D560476WIN9S/dp/B097C2FLFM/ref=sr_1_181?dchild=1&keywords=laptops&qid=1628090695&sr=8-181
4.1 out of 5 stars,114,https://www.amazon.in//Dell-Inspiron-3501-i5-1135G7-Graphics/dp/B08QCKPLZX/ref=sr_1_182?dchild=1&keywords=laptops&qid=1628090695&sr=8-182
3.5 out of 5 stars,5,https://www.amazon.in//AVITA-NS14A8INW562-SSA-35-56cms-7-3700U-Graphics/dp/B095H2XFT6/ref=sr_1_183?dchild=1&keywords=laptops&qid=1628090695&sr=8-183
,N/A,https://www.amazon.in//Renewed-HP-i5-6267U-14-5-Inch-840/dp/B091N6H7KM/ref=sr_1_184?dchild=1&keywords=laptops&qid=1628090695&sr=8-184
5.0 out of 5 stars,1,https://www.amazon.in//Renewed-HP-Laptop-15-6-inch-Windows/dp/B094CYLK2L/ref=sr_1_185?dchild=1&keywords=laptops&qid=1628090695&sr=8-185
3.9 out of 5 stars,24,https://www.amazon.in//Dell-Inspiron-15-6-inch-i5-1135G7-Windows/dp/B08Y6XG7K1/ref=sr_1_186?dchild=1&keywords=laptops&qid=1628090695&sr=8-186
,N/A,https://www.amazon.in//gp/slredirect/picassoRedirect.html/ref=pa_sp_mtf_aps_sr_pg12_1?ie=UTF8&adId=A082556210HO6J6H7AXAJ&url=%2FHitachi-Processor-Ultralight-Notebook-Computer%2Fdp%2FB09BS6FPWF%2Fref%3Dsr_1_187_sspa%3Fdchild%3D1%26keywords%3Dlaptops%26qid%3D1628090695%26sr%3D8-187-spons%26psc%3D1&qualifier=1628090695&id=1414327374291897&widgetName=sp_mtf
3.4 out of 5 stars,"1,230",https://www.amazon.in//gp/slredirect/picassoRedirect.html/ref=pa_sp_mtf_aps_sr_pg12_1?ie=UTF8&adId=A03136971X8EQ595NKA68&url=%2FHP-Graphics-14-inch-Windows-14s-dq2100TU%2Fdp%2FB095JZLDSF%2Fref%3Dsr_1_188_sspa%3Fdchild%3D1%26keywords%3Dlaptops%26qid%3D1628090695%26sr%3D8-188-spons%26psc%3D1&qualifier=1628090695&id=1414327374291897&widgetName=sp_mtf
3.6 out of 5 stars,474,https://www.amazon.in//Lenovo-Ideapad-Windows-Platinum-81W100HKIN/dp/B08CQG6PDK/ref=sr_1_189?dchild=1&keywords=laptops&qid=1628090695&sr=8-189
4.5 out of 5 stars,12,https://www.amazon.in//LG-i5-1035G7-15-inch-1920X1080-Windows/dp/B08J3QR8Z9/ref=sr_1_190?dchild=1&keywords=laptops&qid=1628090695&sr=8-190
4.3 out of 5 stars,267,https://www.amazon.in//Lenovo-IdeaPad-Intel-Light-Laptop/dp/B0999BYH8Z/ref=sr_1_191?dchild=1&keywords=laptops&qid=1628090695&sr=8-191
3.8 out of 5 stars,5,https://www.amazon.in//Fujitsu-33-78cm-Graphics-Fingerprint-4ZR1D67596/dp/B098P34QRL/ref=sr_1_192?dchild=1&keywords=laptops&qid=1628090695&sr=8-192
4.0 out of 5 stars,2,https://www.amazon.in//Fujitsu-33-78cm-Convertible-Graphics-4ZR1D71993/dp/B098P4M233/ref=sr_1_193?dchild=1&keywords=laptops&qid=1628090695&sr=8-193
,N/A,https://www.amazon.in//Dell-1366x768-Integrated-Graphics-Latitude/dp/B09B4ZZ9K9/ref=sr_1_194?dchild=1&keywords=laptops&qid=1628090695&sr=8-194
,N/A,https://www.amazon.in//HP-16-1-inch-Graphics-Flicker-16-e0075AX/dp/B098QB1TPX/ref=sr_1_195?dchild=1&keywords=laptops&qid=1628090695&sr=8-195
5.0 out of 5 stars,5,https://www.amazon.in//ASUS-15-6-inch-i5-10300H-Graphics-FX566LI-HN272T/dp/B098P62W63/ref=sr_1_196?dchild=1&keywords=laptops&qid=1628090695&sr=8-196
3.6 out of 5 stars,6,https://www.amazon.in//gp/slredirect/picassoRedirect.html/ref=pa_sp_btf_aps_sr_pg12_1?ie=UTF8&adId=A0311633R3HNH7GJ5G2Q&url=%2FLenovo-IdeaPad-Fingerprint-Graphite-82FG0148IN%2Fdp%2FB096SKBM59%2Fref%3Dsr_1_197_sspa%3Fdchild%3D1%26keywords%3Dlaptops%26qid%3D1628090695%26sr%3D8-197-spons%26psc%3D1&qualifier=1628090695&id=1414327374291897&widgetName=sp_btf
4.4 out of 5 stars,346,https://www.amazon.in//gp/slredirect/picassoRedirect.html/ref=pa_sp_btf_aps_sr_pg12_1?ie=UTF8&adId=A03192692D96MUECYEODQ&url=%2FASUS-ZenBook-i5-1135G7-Graphics-UX425EA-BM501TS%2Fdp%2FB08M4SQ83T%2Fref%3Dsr_1_198_sspa%3Fdchild%3D1%26keywords%3Dlaptops%26qid%3D1628090695%26sr%3D8-198-spons%26psc%3D1&qualifier=1628090695&id=1414327374291897&widgetName=sp_btf
2.9 out of 5 stars,15,https://www.amazon.in//gp/slredirect/picassoRedirect.html/ref=pa_sp_atf_next_aps_sr_pg13_1?ie=UTF8&adId=A02661023GBP1QR2WQAMG&url=%2FLenovo-Intel-14-inch-Laptop-82C4A00NIH%2Fdp%2FB08DFRKHLL%2Fref%3Dsr_1_193_sspa%3Fdchild%3D1%26keywords%3Dlaptops%26qid%3D1628090700%26sr%3D8-193-spons%26psc%3D1&qualifier=1628090700&id=1803888575134637&widgetName=sp_atf_next
4.3 out of 5 stars,11,https://www.amazon.in//ASUS-i5-1035G1-Integrated-Transparent-K413JA-EK286T/dp/B08S4R2L5T/ref=sr_1_194?dchild=1&keywords=laptops&qid=1628090700&sr=8-194
4.5 out of 5 stars,4,https://www.amazon.in//ASUS-VivoBook-i3-10110U-Integrated-TP412FA-EC382TS/dp/B095SRR2D6/ref=sr_1_195?dchild=1&keywords=laptops&qid=1628090700&sr=8-195
,N/A,https://www.amazon.in//HP-15-6-inch-15-ec1024AX-Microsoft-Subscription/dp/B09B5CP41J/ref=sr_1_196?dchild=1&keywords=laptops&qid=1628090700&sr=8-196
,N/A,https://www.amazon.in//Renewed-Lenovo-Thinkpad-Laptop-Intel/dp/B09B71J7T8/ref=sr_1_197?dchild=1&keywords=laptops&qid=1628090700&sr=8-197
4.2 out of 5 stars,25,https://www.amazon.in//Lenovo-Keyboard-Fingerprint-Graphite-82FG0125IN/dp/B096SLFV5G/ref=sr_1_198?dchild=1&keywords=laptops&qid=1628090700&sr=8-198
3.9 out of 5 stars,886,https://www.amazon.in//HP-Laptop-15-6-inch-Windows-15s-dy3001TU/dp/B08XY3843B/ref=sr_1_199?dchild=1&keywords=laptops&qid=1628090700&sr=8-199
4.2 out of 5 stars,53,https://www.amazon.in//HP-35-56cms-Windows-Natural-14s-cf3028TU/dp/B08QSVVC7W/ref=sr_1_200?dchild=1&keywords=laptops&qid=1628090700&sr=8-200
3.4 out of 5 stars,34,https://www.amazon.in//Lenovo-15-inch-Laptop-Windows-82C500PXIH/dp/B08BY24TMR/ref=sr_1_201?dchild=1&keywords=laptops&qid=1628090700&sr=8-201
,N/A,https://www.amazon.in//gp/slredirect/picassoRedirect.html/ref=pa_sp_mtf_aps_sr_pg13_1?ie=UTF8&adId=A05145503CEGMH5KGHVDT&url=%2FRenewed-Lenovo-Thinkpad-Laptop-Intel%2Fdp%2FB09B71WC56%2Fref%3Dsr_1_202_sspa%3Fdchild%3D1%26keywords%3Dlaptops%26qid%3D1628090700%26sr%3D8-202-spons%26psc%3D1&qualifier=1628090700&id=1803888575134637&widgetName=sp_mtf
3.2 out of 5 stars,15,https://www.amazon.in//gp/slredirect/picassoRedirect.html/ref=pa_sp_mtf_aps_sr_pg13_1?ie=UTF8&adId=A026612636M4EQCWPR91&url=%2FDell-Latitude-3410-Core-10th%2Fdp%2FB08KJ9D2HD%2Fref%3Dsr_1_203_sspa%3Fdchild%3D1%26keywords%3Dlaptops%26qid%3D1628090700%26sr%3D8-203-spons%26psc%3D1&qualifier=1628090700&id=1803888575134637&widgetName=sp_mtf
5.0 out of 5 stars,1,https://www.amazon.in//Dell-i5-1135G7-Integrated-Graphics-Briefcase/dp/B091S4GXDR/ref=sr_1_204?dchild=1&keywords=laptops&qid=1628090700&sr=8-204
4.1 out of 5 stars,56,https://www.amazon.in//Lenovo-Touchscreen-Fingerprint-Graphite-82HS0092IN/dp/B08WRZQBQ6/ref=sr_1_205?dchild=1&keywords=laptops&qid=1628090700&sr=8-205
4.2 out of 5 stars,32,https://www.amazon.in//Dell-Inspiron-i3-1115G4-Integrated-D560366WIN9S/dp/B08M616B21/ref=sr_1_206?dchild=1&keywords=laptops&qid=1628090700&sr=8-206
3.6 out of 5 stars,35,https://www.amazon.in//Acer-Generation-15-6-inch-Graphics-AN515-56/dp/B092VPYX5G/ref=sr_1_207?dchild=1&keywords=laptops&qid=1628090700&sr=8-207
4.0 out of 5 stars,1,https://www.amazon.in//Lenovo-Upgradable-Integrated-Graphics-WARRANTY/dp/B092Z88D2F/ref=sr_1_208?dchild=1&keywords=laptops&qid=1628090700&sr=8-208
3.4 out of 5 stars,199,https://www.amazon.in//3501-15-6-inch-i3-1035G1-Microsoft-Integrated/dp/B08MBV6YDR/ref=sr_1_209?dchild=1&keywords=laptops&qid=1628090700&sr=8-209
2.9 out of 5 stars,2,https://www.amazon.in//i7-10750H-FHD-144hz-GTX1650Ti-4GB-Backlit-G512LI-HN179T/dp/B08JVDBBFT/ref=sr_1_210?dchild=1&keywords=laptops&qid=1628090700&sr=8-210
N/A,N/A,https://www.amazon.in//Dell-Inspiron-i5-1135G7-Integrated-D560412WIN9S/dp/B09BBH2TG4/ref=sr_1_211?dchild=1&keywords=laptops&qid=1628090700&sr=8-211
4.7 out of 5 stars,34,https://www.amazon.in//gp/slredirect/picassoRedirect.html/ref=pa_sp_btf_aps_sr_pg13_1?ie=UTF8&adId=A063606576JAIV0IH76Q&url=%2FLG-i7-1065G7-17-inch-2560X1600-Windows%2Fdp%2FB08J3D2YHV%2Fref%3Dsr_1_212_sspa%3Fdchild%3D1%26keywords%3Dlaptops%26qid%3D1628090700%26sr%3D8-212-spons%26psc%3D1&qualifier=1628090700&id=1803888575134637&widgetName=sp_btf
,N/A,https://www.amazon.in//gp/slredirect/picassoRedirect.html/ref=pa_sp_btf_aps_sr_pg13_1?ie=UTF8&adId=A10289423E8JBBJFJFGE8&url=%2FRenewed-Dell-Latitude-Laptop-E5470%2Fdp%2FB094C54YH5%2Fref%3Dsr_1_213_sspa%3Fdchild%3D1%26keywords%3Dlaptops%26qid%3D1628090700%26sr%3D8-213-spons%26psc%3D1&qualifier=1628090700&id=1803888575134637&widgetName=sp_btf
N/A,N/A,https://www.amazon.in//MSI-i7-10750H-Gaming-Windows-10SCSR-660IN/dp/B08MBN18V4/ref=sr_1_209?dchild=1&keywords=laptops&qid=1628090710&sr=8-209
4.4 out of 5 stars,287,https://www.amazon.in//HP-14-inch-Windows-Natural-14s-fq1030AU/dp/B0928TPR8H/ref=sr_1_210?dchild=1&keywords=laptops&qid=1628090710&sr=8-210
,N/A,https://www.amazon.in//Dell-1366x768-Integrated-Graphics-Latitude/dp/B099YGVD9P/ref=sr_1_211?dchild=1&keywords=laptops&qid=1628090710&sr=8-211
5.0 out of 5 stars,1,https://www.amazon.in//Lenovo-Bluetooth-Performance-Cardreader-Integrated/dp/B0925RX2R6/ref=sr_1_212?dchild=1&keywords=laptops&qid=1628090710&sr=8-212
4.0 out of 5 stars,2,https://www.amazon.in//ASUS-VivoBook-i5-1035G1-Graphics-X415JF-EK521T/dp/B08CKQYXVK/ref=sr_1_213?dchild=1&keywords=laptops&qid=1628090710&sr=8-213
2.8 out of 5 stars,4,https://www.amazon.in//Renewed-Dell-Latitude-Laptop-WEBCAM/dp/B08L5527XY/ref=sr_1_214?dchild=1&keywords=laptops&qid=1628090710&sr=8-214
N/A,N/A,https://www.amazon.in//Lenovo-E41-45-82BFS00200-Laptop-Warranty/dp/B091Q4N56W/ref=sr_1_215?dchild=1&keywords=laptops&qid=1628090710&sr=8-215
,N/A,https://www.amazon.in//Acer-Travelmate-i5-11th-Graphics-TMP214-53/dp/B096XG54LN/ref=sr_1_216?dchild=1&keywords=laptops&qid=1628090710&sr=8-216
,N/A,https://www.amazon.in//Dell-i3-1115G4-Integrated-Graphics-D552175WIN9BE/dp/B09BBH562C/ref=sr_1_217?dchild=1&keywords=laptops&qid=1628090710&sr=8-217
4.1 out of 5 stars,64,https://www.amazon.in//Lenovo-Touchscreen-Windows10-Graphite-81X100NCIN/dp/B08JCNW4CP/ref=sr_1_218?dchild=1&keywords=laptops&qid=1628090710&sr=8-218
3.9 out of 5 stars,166,https://www.amazon.in//Lenovo-15-inch-Laptop-Windows-82C500PFIH/dp/B08BXY8NMP/ref=sr_1_219?dchild=1&keywords=laptops&qid=1628090710&sr=8-219
4.3 out of 5 stars,170,https://www.amazon.in//HP-Pavilion-Touchscreen-Convertible-14-dw1037TU/dp/B08SRC4JMD/ref=sr_1_220?dchild=1&keywords=laptops&qid=1628090710&sr=8-220
4.1 out of 5 stars,41,https://www.amazon.in//ASUS-Laptop-M515DA-BQ501T-Ryzen-Windows/dp/B08CKRS42M/ref=sr_1_221?dchild=1&keywords=laptops&qid=1628090710&sr=8-221
3.9 out of 5 stars,127,https://www.amazon.in//Lenovo-Laptop-Windows-Office-81UE0085IN/dp/B08JCL6R75/ref=sr_1_222?dchild=1&keywords=laptops&qid=1628090710&sr=8-222
,N/A,https://www.amazon.in//Dell-13-3-inch-i7-8550U-Integrated-Graphics/dp/B09813L8BX/ref=sr_1_223?dchild=1&keywords=laptops&qid=1628090710&sr=8-223
4.0 out of 5 stars,19,https://www.amazon.in//HP-EliteBook-820-G2-i5-5300U/dp/B07GJXR7WM/ref=sr_1_224?dchild=1&keywords=laptops&qid=1628090710&sr=8-224
3.6 out of 5 stars,11,https://www.amazon.in//Lenovo-14-inch-Laptop-Windows-81YA002GIH/dp/B086XRYW2R/ref=sr_1_225?dchild=1&keywords=laptops&qid=1628090716&sr=8-225
,N/A,https://www.amazon.in//Dell-Inspiron-Integrated-Graphics-D560483WIN9BE/dp/B09BBHTBHV/ref=sr_1_226?dchild=1&keywords=laptops&qid=1628090716&sr=8-226
3.9 out of 5 stars,55,https://www.amazon.in//Dell-Inspiron-i5-1135G7-Integrated-D560401WIN9BE/dp/B08MPXD3YD/ref=sr_1_227?dchild=1&keywords=laptops&qid=1628090716&sr=8-227
3.6 out of 5 stars,45,https://www.amazon.in//Dell-Inspiron-15-6-inch-Laptop-Graphics/dp/B08KWJ4G4R/ref=sr_1_228?dchild=1&keywords=laptops&qid=1628090716&sr=8-228
,N/A,https://www.amazon.in//Dell-1366x768-Integrated-Graphics-Latitude/dp/B09B51W3TB/ref=sr_1_229?dchild=1&keywords=laptops&qid=1628090716&sr=8-229
3.4 out of 5 stars,35,https://www.amazon.in//Dell-Inspiron-3501-15-6-inch-i5-1135G7/dp/B08VRSHJKL/ref=sr_1_230?dchild=1&keywords=laptops&qid=1628090716&sr=8-230
5.0 out of 5 stars,1,https://www.amazon.in//HP-250-G8-Core-i5/dp/B092QWM5ZJ/ref=sr_1_231?dchild=1&keywords=laptops&qid=1628090716&sr=8-231
4.2 out of 5 stars,36,https://www.amazon.in//ASUS-i5-10300H-Graphics-Windows-G512LI-HN118TS/dp/B0933K2MBQ/ref=sr_1_232?dchild=1&keywords=laptops&qid=1628090716&sr=8-232
3.5 out of 5 stars,36,https://www.amazon.in//Dell-Inspiron-15-6-inch-Laptop-Graphics/dp/B08R9VSSM5/ref=sr_1_233?dchild=1&keywords=laptops&qid=1628090716&sr=8-233
3.9 out of 5 stars,126,https://www.amazon.in//Lenovo-Keyboard-Fingerprint-Graphite-82FG010BIN/dp/B096SHMYJJ/ref=sr_1_234?dchild=1&keywords=laptops&qid=1628090716&sr=8-234
,N/A,https://www.amazon.in//Renewed-Asus-VivoBook-Core-X412FA-EK230T/dp/B099DJZB6V/ref=sr_1_235?dchild=1&keywords=laptops&qid=1628090716&sr=8-235
4.1 out of 5 stars,485,https://www.amazon.in//Dell-Inspiron-Graphics-Warranty-D560341WIN9S/dp/B08HYXNRSL/ref=sr_1_236?dchild=1&keywords=laptops&qid=1628090716&sr=8-236
2.0 out of 5 stars,3,https://www.amazon.in//Nexstgo-NP15N1IN008P-15-6-inch-i7-8550U-Integrated/dp/B07KGP3HP3/ref=sr_1_237?dchild=1&keywords=laptops&qid=1628090716&sr=8-237
N/A,N/A,https://www.amazon.in//Lenovo-730-13IKB-81CT003YIN-13-3-inch-Integrated/dp/B099JV4TZR/ref=sr_1_238?dchild=1&keywords=laptops&qid=1628090716&sr=8-238
,N/A,https://www.amazon.in//Dell-Latitude-Upgradable-Integrated-Graphics/dp/B09414ZZL5/ref=sr_1_239?dchild=1&keywords=laptops&qid=1628090716&sr=8-239
,N/A,https://www.amazon.in//Renewed-Dell-Latitude-Laptop-E3380/dp/B093VW4MBS/ref=sr_1_240?dchild=1&keywords=laptops&qid=1628090716&sr=8-240
N/A,N/A,https://www.amazon.in//Dell-Inspiron-i5-1135G7-Integrated-D560412WIN9S/dp/B09BBHJ5Z2/ref=sr_1_241?dchild=1&keywords=laptops&qid=1628090722&sr=8-241
4.0 out of 5 stars,1,https://www.amazon.in//Renewed-Lenovo-Thinkpad-Laptop-Intel/dp/B095R6FXL9/ref=sr_1_242?dchild=1&keywords=laptops&qid=1628090722&sr=8-242
,N/A,https://www.amazon.in//Dell-i3-1115G4-Integrated-Graphics-D552175WIN9BE/dp/B09BBGSHCK/ref=sr_1_243?dchild=1&keywords=laptops&qid=1628090722&sr=8-243
4.2 out of 5 stars,139,https://www.amazon.in//HP-Laptop-15-6-Inch-Windows-15s-eq2040au/dp/B093Q3R1VV/ref=sr_1_244?dchild=1&keywords=laptops&qid=1628090722&sr=8-244
3.0 out of 5 stars,1,https://www.amazon.in//Lenovo-Upgradable-Integrated-Graphics-WARRANTY/dp/B092Z9G6S5/ref=sr_1_245?dchild=1&keywords=laptops&qid=1628090722&sr=8-245
3.7 out of 5 stars,16,https://www.amazon.in//HP-245-1S5E8PA-ATHLON-3050U-14inch/dp/B08P1LGK4F/ref=sr_1_246?dchild=1&keywords=laptops&qid=1628090722&sr=8-246
4.5 out of 5 stars,106,https://www.amazon.in//HP-17-inch-GeForce-Storage-Windows/dp/B087Z21FXV/ref=sr_1_247?dchild=1&keywords=laptops&qid=1628090722&sr=8-247
2.9 out of 5 stars,15,https://www.amazon.in//Lenovo-Intel-14-inch-Laptop-82C4A00NIH/dp/B08DFRKHLL/ref=sr_1_248?dchild=1&keywords=laptops&qid=1628090722&sr=8-248
3.6 out of 5 stars,22,https://www.amazon.in//Vivobook-X515MA-EJ101T-PQC-N5030-TRANSPARENT-International/dp/B08WLYZVSF/ref=sr_1_249?dchild=1&keywords=laptops&qid=1628090722&sr=8-249
3.7 out of 5 stars,10,https://www.amazon.in//Dell-Inspiron-i5-1135G7-Graphics-D560439WIN9S/dp/B0919LPGKH/ref=sr_1_250?dchild=1&keywords=laptops&qid=1628090722&sr=8-250
4.3 out of 5 stars,200,https://www.amazon.in//ASUS-VivoBook-i7-1165G7-Graphics-S433EA-AM701TS/dp/B08PQTZB3Z/ref=sr_1_251?dchild=1&keywords=laptops&qid=1628090722&sr=8-251
,N/A,https://www.amazon.in//Lenovo-Upgradable-Integrated-Graphics-WARRANTY/dp/B092ZH1TX3/ref=sr_1_252?dchild=1&keywords=laptops&qid=1628090722&sr=8-252
,N/A,https://www.amazon.in//Acer-Travelmate-i5-11th-Graphics-TMP214-53/dp/B096XG4KCC/ref=sr_1_253?dchild=1&keywords=laptops&qid=1628090722&sr=8-253
,More Buying Choices,https://www.amazon.in//HP-Notebook-i5-1035G1-GeForce-Dedicated/dp/B08WRKZHMG/ref=sr_1_254?dchild=1&keywords=laptops&qid=1628090722&sr=8-254
4.1 out of 5 stars,35,https://www.amazon.in//Lenovo-Touchscreen-Fingerprint-Aluminium-82BH004HIN/dp/B08P3M22QQ/ref=sr_1_255?dchild=1&keywords=laptops&qid=1628090722&sr=8-255
,N/A,https://www.amazon.in//Lenovo-Upgradable-Integrated-Graphics-WARRANTY/dp/B092Z9TGBP/ref=sr_1_256?dchild=1&keywords=laptops&qid=1628090722&sr=8-256
,N/A,https://www.amazon.in//Dell-1366x768-Integrated-Graphics-Latitude/dp/B09B52DT7H/ref=sr_1_257?dchild=1&keywords=laptops&qid=1628090733&sr=8-257
4.4 out of 5 stars,331,https://www.amazon.in//HP-14-inch-Windows-Natural-14s-fq1029AU/dp/B0928SZKL1/ref=sr_1_258?dchild=1&keywords=laptops&qid=1628090733&sr=8-258
3.3 out of 5 stars,13,https://www.amazon.in//Dell-i5-1135G7-Inspiron-5410-D560477WIN9S/dp/B095S7WMDZ/ref=sr_1_259?dchild=1&keywords=laptops&qid=1628090733&sr=8-259
,N/A,https://www.amazon.in//Fujitsu-LifeBook-Business-Bluetooth-Warranty/dp/B09B2QF9M5/ref=sr_1_260?dchild=1&keywords=laptops&qid=1628090733&sr=8-260
,N/A,https://www.amazon.in//Lenovo-IdeaPad-Gaming3-82EY00L9IN-Headset/dp/B09BJMNZCC/ref=sr_1_261?dchild=1&keywords=laptops&qid=1628090733&sr=8-261
4.4 out of 5 stars,16,https://www.amazon.in//HP-Touchscreen-Convertible-i5-1135G7-14-dw1039TU/dp/B08SRJ4RGQ/ref=sr_1_262?dchild=1&keywords=laptops&qid=1628090733&sr=8-262
,N/A,https://www.amazon.in//Renewed-Dell-Latitude-Laptop-E5470/dp/B094C54YH5/ref=sr_1_263?dchild=1&keywords=laptops&qid=1628090733&sr=8-263
3.9 out of 5 stars,16,https://www.amazon.in//Renewed-Fujitsu-Lifebook-Numeric-Keypad/dp/B094XJVYYH/ref=sr_1_264?dchild=1&keywords=laptops&qid=1628090733&sr=8-264
3.7 out of 5 stars,11,https://www.amazon.in//HP-255-G8-3K1G7PA-Graphics/dp/B091TWZF2Y/ref=sr_1_265?dchild=1&keywords=laptops&qid=1628090733&sr=8-265
4.0 out of 5 stars,1,https://www.amazon.in//ASUS-17-3-inch-GeForce-RTX-3050-Graphics-G713QC-HX052T/dp/B0987PPMB7/ref=sr_1_266?dchild=1&keywords=laptops&qid=1628090733&sr=8-266
3.5 out of 5 stars,36,https://www.amazon.in//Dell-Inspiron-15-6-inch-Laptop-Graphics/dp/B08R9VSSM5/ref=sr_1_267?dchild=1&keywords=laptops&qid=1628090733&sr=8-267
4.0 out of 5 stars,34,https://www.amazon.in//Microsoft-i5-1035G1-Touchscreen-Graphics-THH-00023/dp/B08SX5XVBK/ref=sr_1_268?dchild=1&keywords=laptops&qid=1628090733&sr=8-268
,N/A,https://www.amazon.in//Fujitsu-LifeBook-Business-Bluetooth-Warranty/dp/B09B2QXTBR/ref=sr_1_269?dchild=1&keywords=laptops&qid=1628090733&sr=8-269
1.0 out of 5 stars,1,https://www.amazon.in//Acer-Travelmate-i3-11th-Graphics-TMP214-53/dp/B098NX5ZRT/ref=sr_1_270?dchild=1&keywords=laptops&qid=1628090733&sr=8-270
4.2 out of 5 stars,170,https://www.amazon.in//Lenovo-ThinkPad-Fingerprint-Aluminium-20TDS0AB00/dp/B08Y927FK4/ref=sr_1_271?dchild=1&keywords=laptops&qid=1628090733&sr=8-271
3.4 out of 5 stars,5,https://www.amazon.in//Lenovo-X240-i5-8-GB-2-TB-Integrated/dp/B07PSQMLQN/ref=sr_1_272?dchild=1&keywords=laptops&qid=1628090733&sr=8-272
1.0 out of 5 stars,1,https://www.amazon.in//Acer-Travelmate-i3-11th-Graphics-TMP214-53/dp/B098NX5ZRT/ref=sr_1_273?dchild=1&keywords=laptops&qid=1628090744&sr=8-273
3.4 out of 5 stars,5,https://www.amazon.in//Lenovo-X240-i5-8-GB-2-TB-Integrated/dp/B07PSQMLQN/ref=sr_1_274?dchild=1&keywords=laptops&qid=1628090744&sr=8-274
4.0 out of 5 stars,33,https://www.amazon.in//Dell-Inspiron-5406-Geni3-1115G4-D560384WIN9S/dp/B091H14P32/ref=sr_1_275?dchild=1&keywords=laptops&qid=1628090744&sr=8-275
3.4 out of 5 stars,"1,230",https://www.amazon.in//HP-15-6-inch-Laptop-Windows-15s-du3053TU/dp/B08W2X72V2/ref=sr_1_276?dchild=1&keywords=laptops&qid=1628090744&sr=8-276
,N/A,https://www.amazon.in//i7-10750H-FHD-144hz-GTX1650Ti-4GB-Backlit-G512LI-HN126T/dp/B08JV1XDJD/ref=sr_1_277?dchild=1&keywords=laptops&qid=1628090744&sr=8-277
1.0 out of 5 stars,1,https://www.amazon.in//Renewed-Digital-Laptop-15-6-inch-Windows/dp/B095224LRK/ref=sr_1_278?dchild=1&keywords=laptops&qid=1628090744&sr=8-278
,N/A,https://www.amazon.in//ASUS-VivoBook-14-0-inch-i5-1035G1-X415JF-EB522TS/dp/B096W27N4K/ref=sr_1_279?dchild=1&keywords=laptops&qid=1628090744&sr=8-279
4.5 out of 5 stars,133,https://www.amazon.in//Microsoft-Surface-Laptop-Go-Touchscreen/dp/B08GZMXP7P/ref=sr_1_280?dchild=1&keywords=laptops&qid=1628090744&sr=8-280
,N/A,https://www.amazon.in//Renewed-Digital-Laptop-15-6-inch-Windows/dp/B095WTQ3MM/ref=sr_1_281?dchild=1&keywords=laptops&qid=1628090744&sr=8-281
5.0 out of 5 stars,1,https://www.amazon.in//TravisLappy-15-G-15-R-250-LS-A991P/dp/B092DDHZCM/ref=sr_1_282?dchild=1&keywords=laptops&qid=1628090744&sr=8-282
3.2 out of 5 stars,15,https://www.amazon.in//Dell-Latitude-3410-Core-10th/dp/B08KJ9D2HD/ref=sr_1_283?dchild=1&keywords=laptops&qid=1628090744&sr=8-283
5.0 out of 5 stars,2,https://www.amazon.in//ASUS-VivoBook-S532EQ-BQ702TS-I7-1165G7-SILVER/dp/B08PZ3VRCS/ref=sr_1_284?dchild=1&keywords=laptops&qid=1628090744&sr=8-284
3.9 out of 5 stars,51,https://www.amazon.in//Dell-Inspiron-5518-Ci5-11300H-D560480WIN9S/dp/B097C2N78Q/ref=sr_1_285?dchild=1&keywords=laptops&qid=1628090744&sr=8-285
4.4 out of 5 stars,"2,196",https://www.amazon.in//HP-11-inch-Celeron-Storage-11-ak0010nr/dp/B0886JS35F/ref=sr_1_286?dchild=1&keywords=laptops&qid=1628090744&sr=8-286
3.8 out of 5 stars,148,https://www.amazon.in//HP-Pavilion-15-6-inch-5-3550H-15-ec0100AX/dp/B08CYZM4Y3/ref=sr_1_287?dchild=1&keywords=laptops&qid=1628090744&sr=8-287
4.0 out of 5 stars,686,https://www.amazon.in//AVITA-NS14A8INF561-PAF-i5-10210U-Integrated-Graphics/dp/B08H17YDFR/ref=sr_1_288?dchild=1&keywords=laptops&qid=1628090744&sr=8-288
,N/A,https://www.amazon.in//Dell-1366x768-Integrated-Graphics-Latitude/dp/B099Y8168J/ref=sr_1_289?dchild=1&keywords=laptops&qid=1628090758&sr=8-289
,N/A,https://www.amazon.in//Lenovo-Upgradable-Integrated-Graphics-WARRANTY/dp/B092Z9YMDY/ref=sr_1_290?dchild=1&keywords=laptops&qid=1628090758&sr=8-290
4.0 out of 5 stars,52,https://www.amazon.in//Acer-39-62cms-Generation-Windows-Graphics/dp/B08SD5Z4K8/ref=sr_1_291?dchild=1&keywords=laptops&qid=1628090758&sr=8-291
3.7 out of 5 stars,9,https://www.amazon.in//HP-Pavilion-Processor-15-6-inch-15-eg0124TX/dp/B08XBCX6HC/ref=sr_1_292?dchild=1&keywords=laptops&qid=1628090758&sr=8-292
4.0 out of 5 stars,4,https://www.amazon.in//Renewed-Dell-Latitude-Inches-Screen/dp/B07VMGL992/ref=sr_1_293?dchild=1&keywords=laptops&qid=1628090758&sr=8-293
4.4 out of 5 stars,3,https://www.amazon.in//Dell-3501-15-6-inch-i3-1005G1-Graphics/dp/B08X7CLG6W/ref=sr_1_294?dchild=1&keywords=laptops&qid=1628090758&sr=8-294
3.4 out of 5 stars,53,https://www.amazon.in//Lenovo-Integrated-Graphics-Platinum-81W100W9IN/dp/B08JCP96XL/ref=sr_1_295?dchild=1&keywords=laptops&qid=1628090758&sr=8-295
4.3 out of 5 stars,25,https://www.amazon.in//Renewed-Essential-NE14A2INC433-MB-Integrated-Graphics/dp/B08M49HBF4/ref=sr_1_296?dchild=1&keywords=laptops&qid=1628090758&sr=8-296
3.4 out of 5 stars,42,https://www.amazon.in//Lenovo-V14-14-inch-Laptop-82C6000KIH/dp/B08CXSLPTZ/ref=sr_1_297?dchild=1&keywords=laptops&qid=1628090758&sr=8-297
3.2 out of 5 stars,10,https://www.amazon.in//Acer-i5-1035G1-Graphics-Charcoal-A315-57G/dp/B08HR3CYGQ/ref=sr_1_298?dchild=1&keywords=laptops&qid=1628090758&sr=8-298
3.6 out of 5 stars,20,https://www.amazon.in//Inspiron-3593-15-6-inch-Ci5-1035G1-Graphics/dp/B07ZG5XH2V/ref=sr_1_299?dchild=1&keywords=laptops&qid=1628090758&sr=8-299
4.3 out of 5 stars,189,https://www.amazon.in//HP-Processor-15-6-inch-Graphics-15s-eq0500AU/dp/B0928T2WQG/ref=sr_1_300?dchild=1&keywords=laptops&qid=1628090758&sr=8-300
4.4 out of 5 stars,80,https://www.amazon.in//Lenovo-ThinkPad-Fingerprint-Aluminium-20TDS0A500/dp/B08Y929CPJ/ref=sr_1_301?dchild=1&keywords=laptops&qid=1628090758&sr=8-301
3.8 out of 5 stars,6,https://www.amazon.in//HP-Pavilion-Processor-15-6-inch-15-eg0104TX/dp/B08X9YBS22/ref=sr_1_302?dchild=1&keywords=laptops&qid=1628090758&sr=8-302
4.0 out of 5 stars,34,https://www.amazon.in//Lenovo-ThinkPad-Graphics-Aluminium-20TDS0A300/dp/B08Y92DKVL/ref=sr_1_303?dchild=1&keywords=laptops&qid=1628090758&sr=8-303
4.2 out of 5 stars,11,https://www.amazon.in//Lenovo-Keyboard-Fingerprint-Graphite-82LN00GTIN/dp/B098FK9KQ2/ref=sr_1_304?dchild=1&keywords=laptops&qid=1628090758&sr=8-304
,N/A,https://www.amazon.in//Renewed-Lenovo-Windows-graphics-ThinkPad/dp/B09B54LZ8M/ref=sr_1_305?dchild=1&keywords=laptops&qid=1628090767&sr=8-305
4.4 out of 5 stars,80,https://www.amazon.in//Lenovo-ThinkPad-Fingerprint-Aluminium-20TDS0A500/dp/B08Y929CPJ/ref=sr_1_306?dchild=1&keywords=laptops&qid=1628090767&sr=8-306
